interval_start_utc,,net_load,renewables,renewables_to_load_ratio,load.load,load_forecast.load_forecast,fuel_mix.coal_and_lignite,fuel_mix.hydro,fuel_mix.nuclear,fuel_mix.power_storage,fuel_mix.solar,fuel_mix.wind,fuel_mix.natural_gas,fuel_mix.other,battery_discharge_to_load_ratio
2024-05-01 05:00:00,,24748.1583333333,22758.0083333333,0.479704750123542,47445.6666666667,48282.1443608602,3978.44166666667,60.5,3713.09166666667,187.575,2.86666666666667,22694.6416666667,16804.1916666667,0,0.003953715466447
2024-05-01 06:00:00,,23564.6583333333,21896.0083333333,0.482282594647644,45400.5,45448.6014887492,3982.00833333333,60.1666666666667,3711.71666666667,49.125,4.25833333333333,21831.5833333333,15735.95,0,0.001078446638064
2024-05-01 07:00:00,,23058.7666666667,20939.9083333333,0.476709349616614,43920.5,44263.1500066122,3883.33333333333,78.175,3712.325,38.4166666666667,0.65,20861.0833333333,15316.7083333333,0,0.000874333168106
2024-05-01 08:00:00,,23071.1416666667,19807.1916666667,0.462620709583856,42816.8333333333,43325.7398834229,3808.83333333333,61.5,3713.025,20.5583333333333,0.3,19745.3916666667,15442.3583333333,0,0.000481634866523
2024-05-01 09:00:00,,22487.1083333333,20408.7583333333,0.476441326205037,42835.75,42868.8539326986,3813.225,60.1166666666667,3713.59166666667,24.225,0.608333333333333,20348.0333333333,14793.75,0,0.000564804433357
2024-05-01 10:00:00,,24051.2166666667,20135.475,0.456391827388112,44126.5,44009.4991226196,3864.7,60.1916666666667,3713.08333333333,59.4916666666667,0.666666666666667,20074.6166666667,16298.125,0,0.001350930619281
2024-05-01 11:00:00,,27088.9083333333,19412.5333333333,0.418082399109804,46441.1666666667,45994.9422251383,3991.39166666667,60.275,3713.4,321.55,11.3333333333333,19340.925,18924.7833333333,0,0.006923192167708
2024-05-01 12:00:00,,28116.075,19295.1083333333,0.407486722559989,47350.9166666667,47421.7389793396,4190.68333333333,60.2666666666667,3712.66666666667,210.475,1121.43333333333,18113.4083333333,19860.55,0,0.004446489204609
2024-05-01 13:00:00,,26475.4416666667,22036.3166666667,0.454689605696719,48451.5,48198.2833404541,4497.80833333333,60.2583333333334,3713.10833333333,49.7583333333333,4801.5,17174.5583333333,18366.3833333333,0,0.001029482824346
2024-05-01 14:00:00,,24610.9,25488.55,0.509331573969319,50035.5833333333,49613.5258115133,4489.23333333333,63.8666666666667,3713.45,83.6833333333333,6963.10833333333,18461.575,16504.5416666667,0,0.00166908178511
2024-05-01 15:00:00,,24693.9916666667,27105.4333333333,0.524081536884213,51717.6666666667,51433.2400665283,4271.09166666667,81.7583333333333,3713.325,151.225,8017.125,19006.55,16702.725,0,0.002930841486734
2024-05-01 16:00:00,,25087.5083333333,28651.3083333333,0.533988093050595,53656.75,53269.2570139567,4400.39166666667,82.0666666666667,3712.90833333333,77.2833333333333,9497.86666666667,19071.375,17024.575,0,0.001449742816063
2024-05-01 17:00:00,,25682.3333333333,29592.45,0.536050438593379,55206.1666666667,55238.4369710286,4460.525,68.6166666666667,3712.03333333333,82.6916666666667,10570.5583333333,18953.275,17382.875,0,0.001495152786509
2024-05-01 18:00:00,,26677.225,29966.225,0.529606233566254,56583.3333333333,56278.2064259847,4461.3,60.1166666666667,3711.74166666667,130,10343.2083333333,19562.9,18322.9333333333,0,0.002294589575804
2024-05-01 19:00:00,,27372.6916666667,30042.2333333333,0.523790051736869,57355.0833333333,57385.6303354899,4334.4,59.8416666666667,3711.25833333333,144.516666666667,9464.90833333334,20517.4833333333,19146.575,0,0.002518963341332
2024-05-01 20:00:00,,28007.8,30035.2833333333,0.518009668948084,57983,58803.6358693441,4399.46666666667,60.0833333333333,3710.68333333333,147.425,8402.61666666667,21572.5833333333,19832.3916666667,0,0.00254532150998
2024-05-01 21:00:00,,28722.7833333333,30055.6166666667,0.51210045561138,58690.5,59812.8077875773,4230.3,87.9,3710.23333333333,48.5583333333333,7024.025,22943.6916666667,20668.6583333333,0,0.00082944718952
2024-05-01 22:00:00,,29985.9333333333,28896.7166666667,0.491693708059459,58769.5833333333,59817.004351298,4247.65,113.066666666667,3709.58333333333,108.45,5060.05,23723.6,21842.25,0,0.001846598014686
2024-05-01 23:00:00,,31364.4333333333,26907.4083333333,0.462928859118223,58121.4166666667,58826.2824503581,4844.93333333333,150.425,3709.875,57.6583333333333,2812.75833333333,23944.225,22533.5833333333,0,0.000991522470998
2024-05-02 00:00:00,,32360.3666666667,24685.7666666667,0.433628493332139,56922.4166666667,57102.9591700236,5266.075,123.716666666667,3709.81666666667,279.966666666667,1110.29166666667,23451.7583333333,22756.6916666667,0,0.004927825259392
2024-05-02 01:00:00,,35155.125,21505.9,0.380234586306394,56558.25,56175.3338216146,5751.33333333333,102.775,3709.80833333333,256.933333333333,80.5833333333333,21322.5416666667,25135.4833333333,0,0.004533271265048
2024-05-02 02:00:00,,35062.3833333333,19988.6,0.363343411111255,54990.1666666667,55524.5611139933,5841.54166666667,60.8166666666667,3712.95833333333,340.141666666667,0.333333333333333,19927.45,24943.15,0,0.00618885440265
2024-05-02 03:00:00,,34235.325,17979.9083333333,0.344835818757895,52154.3333333333,53229.515566508,6001.38333333333,60.9,3716.63333333333,124.5,0.45,17918.5583333333,24172.3583333333,0,0.002359302518287
2024-05-02 04:00:00,,30528.525,18554.9333333333,0.378754598390857,49022.5833333333,50047.469736735,4538.51666666667,60.875,3717.70833333333,54.375,0.475,18493.5833333333,22002.4166666667,0,0.001105819432385
2024-05-02 05:00:00,,28143.375,18254.6333333333,0.393967508180999,46337.1666666667,46790.496547699,3868.29166666667,60.8416666666667,3719.35833333333,45.9583333333333,0.508333333333333,18193.2833333333,20314.0166666667,0,0.000991548657249
2024-05-02 06:00:00,,28058.2833333333,16491.8166666667,0.370535752644572,44490,44743.3436991374,3795.45833333333,60.1,3717.41666666667,45.675,0.533333333333333,16431.1833333333,20261.6416666667,0,0.001029577380424
2024-05-02 07:00:00,,29021.7083333333,14332.4666666667,0.331165669313171,43277.1666666667,43486.8005638123,3988.81666666667,77.0083333333333,3715.49166666667,54.8916666666667,0.566666666666667,14254.8916666667,21003.1583333333,0,0.001265280276137
2024-05-02 08:00:00,,28419.5083333333,14324.0583333333,0.335589815972609,42683.8333333333,42693.2702064514,3797.33333333333,59.7333333333333,3716.925,3.4,0.608333333333333,14263.7166666667,20638.0666666667,0,7.95916169876341E-05
2024-05-02 09:00:00,,29476.4666666667,13485.1166666667,0.314347392447578,42901.6666666667,42921.4910736084,4033.85,59.9166666666667,3716.59166666667,12.5416666666667,0.583333333333333,13424.6166666667,21456.05,0,0.000291608342283
2024-05-02 10:00:00,,31817.6833333333,12818.1083333333,0.28760557224952,44570,44288.3622957865,5244.84166666667,65.7916666666667,3715.53333333333,45.8916666666667,0.633333333333333,12751.6833333333,22640.45,0,0.001032547894872
2024-05-02 11:00:00,,33395.525,13701.3416666667,0.291584158730036,46990.9166666667,46734.5817591349,5992.04166666667,105.95,3711.225,380.108333333333,2.075,13593.3166666667,23128.1916666667,0,0.008100155112197
2024-05-02 12:00:00,,34232.8833333333,13861.65,0.288832239042674,47991.1666666667,47988.7072423299,6413.29166666667,103.366666666667,3711.10833333333,337.225,589.183333333333,13169.1,23543.475,0,0.007031325978447
2024-05-02 13:00:00,,32457.4,16519.4,0.337585955146473,48900.8333333333,48961.2940292358,5715.225,75.9666666666667,3712.34166666667,90.425,3980.68333333333,12462.75,22862.325,0,0.001855047945813
2024-05-02 14:00:00,,29069.9333333333,21329.65,0.423784648015839,50321.75,50129.1620203654,4304.65833333333,77.8333333333333,3712.675,79.875,8470.125,12781.6916666667,21042.775,0,0.001585965354877
2024-05-02 15:00:00,,28732.7083333333,22580.325,0.440612605013042,51247.5833333333,51555.6696294149,3900.65,65.45,3711.59166666667,153.491666666667,11585.6166666667,10929.2583333333,20936.7333333333,0,0.002991578813871
2024-05-02 16:00:00,,30700.9083333333,20703.225,0.403372472282847,51327.8333333333,52189.8720169067,3856.89166666667,76.3,3712.125,146.341666666667,12407.6916666667,8219.23333333333,22906.6666666667,0,0.002851585400138
2024-05-02 17:00:00,,33560.375,18494.55,0.355722828929791,51995,51884.171043396,4378.89166666667,59.925,3712.075,172.691666666667,12369.35,6065.275,25240.8583333333,0,0.003324661822953
2024-05-02 18:00:00,,34050.2083333333,18927.1666666667,0.357693990973472,52911.75,52945.3404693604,4661.35,65.625,3711.01666666667,156.208333333333,13637.9833333333,5223.55833333333,25401.1333333333,0,0.002956539962228
2024-05-02 19:00:00,,34402.35,19290.6166666667,0.359993372686947,53587.8333333333,53987.0281143188,4338.10833333333,105.133333333333,3710.20833333333,166.075,14096.2583333333,5089.225,26172.3583333333,0,0.003105325488539
2024-05-02 20:00:00,,35688.5,18959.8583333333,0.347560608543578,54543,54592.2753423055,4458.71666666667,105.358333333333,3710.78333333333,377.483333333333,13839.3583333333,5015.14166666667,26921.0083333333,0,0.006935238183463
2024-05-02 21:00:00,,35683.68,20532.8833333333,0.365440369404785,56067.6,55593.2984186808,4650.51666666667,105.616666666667,3709.88333333333,260.958333333333,14144.8916666667,6282.375,26873.7666666667,0,0.004644806401332
2024-05-02 22:00:00,,36715.15,20070.5833333333,0.354097104695879,56680.5,56500.2152379354,5226.325,105.233333333333,3709.38333333333,311.941666666667,12013.5416666667,7951.80833333333,27244.9583333333,0,0.005497980962092
2024-05-02 23:00:00,,37834.5833333333,18688.8916666667,0.331372136091743,56392.5833333333,56184.9674784342,5569.59166666667,130.891666666667,3709.6,338.416666666667,8448.55,10109.45,27969,0,0.005998625631144
2024-05-03 00:00:00,,41568.1166666667,14117.95,0.254074122469985,55557.6666666667,55919.076520284,6426.30833333333,128.4,3709.45833333333,747.941666666667,2820.025,11169.525,30423.825,0,0.013463369361584
2024-05-03 01:00:00,,43027.9083333333,12332.5,0.223189529083679,55255.0833333333,55505.479927063,6718.54166666667,105.325,3710.125,1287.26666666667,101.883333333333,12125.2916666667,31059.6833333333,0,0.023294983285068
2024-05-03 02:00:00,,41073.4916666667,13153.15,0.243146916091034,54121.25,54586.9219996134,6484.99166666667,105.391666666667,3710.39166666667,596.033333333333,0.208333333333333,13047.55,30123.5166666667,0,0.010982112435652
2024-05-03 03:00:00,,38167.7083333333,13532.35,0.262404727244141,51594.5833333333,51933.5841903687,6540.48333333333,105.475,3711.325,304.841666666667,0.458333333333333,13426.4166666667,27424.4166666667,0,0.005887438143259
2024-05-03 04:00:00,,35099.7916666667,13661.6916666667,0.280772682648713,48659.0833333333,49177.2218348185,5627.425,102.4,3711.43333333333,113.525,0.475,13558.8166666667,25467.775,0,0.002311988731849
2024-05-03 05:00:00,,34068.05,12335.7583333333,0.266144029399478,46343.8333333333,46570.4971021016,4964.41666666667,59.975,3711.91666666667,68.2583333333333,0.441666666666667,12275.3416666667,25427.7583333333,0,0.001457632638222
2024-05-03 06:00:00,,33076.9416666667,11451.4833333333,0.257425548767286,44464.9166666667,45157.4502385457,4569.53333333333,63.5083333333333,3711.80833333333,45.3,0.533333333333333,11387.4416666667,24726.9416666667,0,0.001018793715732
2024-05-03 07:00:00,,33939.3416666667,9443.8,0.218006560074306,43301.8333333333,43663.4688301086,4892.75833333333,81.3083333333333,3711.975,54.625,0.475,9362.01666666667,25214,0,0.001263933572554
2024-05-03 08:00:00,,34405.4,8150.20833333333,0.191801309645131,42492.25,42851.6516901652,5101.125,63.3583333333333,3711.79166666667,14.4833333333333,0.566666666666667,8086.28333333333,25492.1083333333,0,0.000341877632187
2024-05-03 09:00:00,,35273.775,7077.01666666667,0.167352151215462,42287.3333333333,42683.0855992635,5263.475,63.4583333333333,3712.59166666667,26.8333333333333,0.625,7012.93333333333,26108.8,0,0.000635095788028
2024-05-03 10:00:00,,38237.0333333333,5053.025,0.117010139397322,43226.75,43329.9274597168,6545.05833333333,63.3083333333333,3711.81666666667,97.7666666666667,0.608333333333333,4989.10833333333,27713.2333333333,0,0.002264655232878
2024-05-03 11:00:00,,40921.775,4232.4,0.093876712128859,45091,44872.8766454061,7065.14166666667,63.175,3711.60833333333,654.925,10.675,4158.55,29240.8166666667,0,0.014520364414925
2024-05-03 12:00:00,,40850.8833333333,5381.125,0.116454374325583,46168.5,45960.2086512248,6919.55,63.5083333333333,3712,420.225,1005.2,4312.41666666667,29537.0083333333,0,0.009131621145496
2024-05-03 13:00:00,,38595.425,8980.98333333333,0.188905478860497,47494.9166666667,47178.5629882813,6645.95,81.4916666666667,3712.15833333333,108.866666666667,4951.58333333333,3947.90833333333,27976.4333333333,0,0.002287721927297
2024-05-03 14:00:00,,36879.5916666667,12222.8666666667,0.249285274510132,49021.1666666667,48495.3636322021,6214.70833333334,81.2916666666667,3712.31666666667,187.133333333333,8014.94166666667,4126.63333333333,26776.0416666667,0,0.003807899184545
2024-05-03 15:00:00,,37241.5333333333,13620.3083333333,0.268137152490804,50781.3333333333,50045.533047994,6255.78333333333,80.5083333333333,3712.25833333333,140.1,9380.9,4158.9,27178.1666666667,0,0.002770778708123
2024-05-03 16:00:00,,36956.9583333333,15681.1916666667,0.298265964661164,52560.75,51942.0168914795,5817.54166666667,77.4,3712.23333333333,248.716666666667,11171.5833333333,4432.20833333333,27221.45,0,0.004722437190642
2024-05-03 17:00:00,,35264.1083333333,18751.0333333333,0.347391418976412,53952.3333333333,53852.8216908773,4882.48333333333,62.8083333333333,3711.75,299.133333333333,12688.6166666667,5999.60833333333,26342.85,0,0.005547672710662
2024-05-03 18:00:00,,33461.85,22122.4416666667,0.398363149970525,55519.3333333333,55173.1366526286,4423.94166666667,64.9583333333333,3712.59166666667,177.533333333333,13672.75,8384.73333333333,25108.2833333333,0,0.003209217332706
2024-05-03 19:00:00,,30761.8666666667,25867.2166666667,0.457268223674555,56566.8333333333,56518.8881251017,4281.79166666667,62.25,3714.96666666667,36.55,13586.1916666667,12218.775,22685.9416666667,0,0.000645496719595
2024-05-03 20:00:00,,28485.4333333333,27826.0583333333,0.494693353548334,56249,57179.0576400757,4273.01666666667,62.4916666666667,3714.51666666667,239.241666666667,11249.1333333333,16514.4333333333,20110.1166666667,0,0.004251972373836
2024-05-03 21:00:00,,28411.5083333333,28691.9416666667,0.50294895556832,57040.6666666667,56290.0862223307,4285.26666666667,62.7833333333333,3715.05833333333,126.533333333333,9558.51666666667,19070.6416666667,20138.3333333333,0,0.002232518021987
2024-05-03 22:00:00,,28431.1666666667,29279.2416666667,0.507900685214416,57647.1666666667,56735.6815567017,4282.78333333333,63.2416666666667,3715.2,155.041666666667,7593.38333333333,21622.6166666667,20124.275,0,0.002689441876711
2024-05-03 23:00:00,,28661.925,27858.0583333333,0.493331679946151,56456.8333333333,56768.5334091186,4283.16666666667,63.15,3715.15,114.391666666667,4906.31666666667,22888.5916666667,20295.3583333333,0,0.002026863721379
2024-05-04 00:00:00,,29565.2666666667,25210.975,0.461094120685145,54665.6666666667,55350.7322006226,4313.61666666667,110.575,3714.54166666667,315.791666666667,1538.30833333333,23562.0916666667,20926.6583333333,0,0.005792935367339
2024-05-04 01:00:00,,29976.1583333333,24357.625,0.448816987889451,54270.4166666667,54075.8511861165,4278.66666666667,63.3666666666667,3714.825,297.525,83,24211.2583333333,21529.0166666667,0,0.005481310346094
2024-05-04 02:00:00,,28966.3416666667,23973.6416666667,0.453371951788522,52876.3333333333,53464.8414662679,4183.88333333333,63.65,3715.30833333333,99.2583333333333,0.541666666666667,23909.45,21006.4833333333,0,0.001879506797779
2024-05-04 03:00:00,,27422.175,23287.3166666667,0.459847794524016,50646.0833333333,50788.0637410482,3988.50833333333,63.4083333333333,3717.725,150.85,0.666666666666667,23223.2416666667,19561.175,0,0.002964448590262
2024-05-04 04:00:00,,24720.2166666667,23361.275,0.486643610889355,48017.75,48279.9782409668,3994.91666666667,63.7416666666667,3718.225,113.85,0.575,23296.9583333333,16963,0,0.002379846031119
2024-05-04 05:00:00,,22027.1583333333,23731.2833333333,0.519423246187304,45694.5833333333,45795.7126413981,3912.775,63.8583333333333,3718.13333333333,57.4916666666667,0.658333333333333,23666.7666666667,14484.9166666667,0,0.001265461078901
2024-05-04 06:00:00,,21045.5083333333,22864.75,0.521415676908267,43846.8333333333,44079.4333267212,3734.78333333333,63.425,3716.89166666667,35.5666666666667,0.4,22800.925,13605.275,0,0.000823186886777
2024-05-04 07:00:00,,20779.4,21419.0416666667,0.508480735233366,42118.75,42692.4325294495,3435.3,79.6916666666667,3715.35,40.6166666666667,0.441666666666667,21338.9083333333,13651.2416666667,0,0.000963948532075
2024-05-04 08:00:00,,21818.9666666667,19441.1916666667,0.471840277084937,41197.4166666667,41215.0739593506,3499.93333333333,62.7416666666667,3715.01666666667,8.69166666666667,0.366666666666667,19378.0833333333,14564.3083333333,0,0.000210983960766
2024-05-04 09:00:00,,22732.1916666667,18091.3083333333,0.443809313288451,40760.6666666667,40912.7793134054,3570.25,62.8333333333333,3715.84166666667,22,0.433333333333333,18028.0416666667,15427.2166666667,0,0.000539546338026
2024-05-04 10:00:00,,24131.5333333333,16839.9666666667,0.411722843230303,40908.5833333333,41046.4518992106,3773.28333333333,62.9166666666667,3715.525,88.2583333333333,0.408333333333333,16776.6416666667,16590.05,0,0.002155076240741
2024-05-04 11:00:00,,27070.5333333333,14760.25,0.353412347531838,41768,41604.3895696004,3967.93333333333,62.7833333333333,3716.75833333333,221.358333333333,18.9083333333333,14678.5583333333,19066.1083333333,0,0.0053027184101
2024-05-04 12:00:00,,27979.5,14722.3166666667,0.345179656898827,42637.8333333333,42595.1116383871,3990.325,63.9833333333334,3716.21666666667,248.658333333333,1215.025,13443.3083333333,19986.8333333333,0,0.005848658905611
2024-05-04 13:00:00,,27380.8333333333,17302.8083333333,0.387822443756801,44603.0833333333,44369.2852121989,4065.71666666667,80.5583333333333,3716.28333333333,142.225,4699.63333333333,12522.6166666667,19417.9416666667,0,0.003184317777821
2024-05-04 14:00:00,,28089.4833333333,18977.8,0.403666483394132,46987.0833333333,46690.6217219035,4212.81666666667,80.2,3717.10833333333,54.2916666666667,7326.95833333333,11570.6416666667,20086.9083333333,0,0.001154513493775
2024-05-04 15:00:00,,26587.5,22647.2166666667,0.460861404238208,49126.5833333333,48831.3517659505,4144.6,108.133333333333,3716.45,153.741666666667,9811,12728.0833333333,18490.55,0,0.003134068789018
2024-05-04 16:00:00,,27231.8083333333,23854.2083333333,0.468121552402918,50961.9166666667,50801.1994578044,3999.94166666667,124.1,3716.11666666667,113.9,11165.325,12564.7833333333,19305.3083333333,0,0.002231691430486
2024-05-04 17:00:00,,27573.3583333333,25031.8916666667,0.476817555912581,52494.5,52459.4251403809,4021.46666666667,110.75,3715.375,117.791666666667,11782.525,13138.6166666667,19669.1083333333,0,0.002244155577422
2024-05-04 18:00:00,,27719.9083333333,26457.2833333333,0.489283564578392,54070.5,53808.5351028442,4009.88333333333,106.691666666667,3716.475,73.5583333333333,12131.1,14219.4916666667,19872.825,0,0.001356834008242
2024-05-04 19:00:00,,29262.4833333333,25938.7916666667,0.470619094160858,55122,55272.5030390422,4040.61666666667,79.275,3714.96666666667,91.1083333333333,10843.5916666667,15015.925,21401.65,0,0.001655575889668
2024-05-04 20:00:00,,31422.95,24387.5916666667,0.437491755047118,55748.25,55765.5853296916,4383.45833333333,62.2916666666667,3714.11666666667,96.8666666666667,8691.26666666667,15634.0333333333,23228.175,0,0.00174176880675
2024-05-04 21:00:00,,31884.5333333333,23874.4,0.428650518524322,55696.5,55802.7416356405,4328.25,62.4333333333333,3714.50833333333,66.3166666666667,6989.95,16822.0166666667,23748.7833333333,0,0.001191837198834
2024-05-04 22:00:00,,33424.5666666667,21683.3416666667,0.393859809763749,55045.25,55051.2370554606,4424.98333333333,62.6583333333333,3714.05,177.191666666667,5281.375,16339.3083333333,25080.6166666667,0,0.003231766147518
2024-05-04 23:00:00,,34315.3666666667,19620.2,0.364348803500259,53845.0833333333,53645.4922485352,4654.11666666667,90.4833333333334,3714.49166666667,153.691666666667,2925.76666666667,16603.95,25657.3916666667,0,0.002857336021512
2024-05-05 00:00:00,,35951.925,16532.25,0.315507358925351,52376.8333333333,52721.0648854574,5217.25,107.341666666667,3713.81666666667,599.483333333333,809.716666666667,15615.1916666667,26209.875,0,0.011467524457872
2024-05-05 01:00:00,,37381.45,14832.4833333333,0.284628932201168,52108.8333333333,52016.1752115885,6080.90833333333,105.1,3713.60833333333,386.025,35.1166666666667,14692.2666666667,27062.8583333333,0,0.007407054586492
2024-05-05 02:00:00,,36746.425,14591.475,0.28459874343057,51263.6666666667,51398.6135686239,6157.16666666667,74.2333333333333,3713.61666666667,221.716666666667,0.008333333333333,14517.2333333333,26649.5833333333,0,0.00432698598522
2024-05-05 03:00:00,,35023.0916666667,14696.5666666667,0.296063867811547,49659,49859.9080365499,5515.26666666667,60.6583333333333,3714.66666666667,60.9666666666667,0.691666666666667,14635.2166666667,25919.475,0,0.001230767870457
2024-05-05 04:00:00,,31767,15604.8333333333,0.330082555939493,47311.4166666667,47840.6911977132,4327.58333333333,60.4166666666667,3714.74166666667,38.7083333333333,0.366666666666667,15544.05,23820.0916666667,0,0.000812864205175
2024-05-05 05:00:00,,29755.2583333333,15534.5083333333,0.343250210993433,45228.9166666667,45506.3186569214,3979.75833333333,60.85,3716.05,157.391666666667,0.4,15473.2583333333,22006.1166666667,0,0.003463730751575
2024-05-05 06:00:00,,31022.7166666667,12651.5083333333,0.289979824382447,43613.5833333333,43845.9890238444,4190.24166666667,60.6416666666667,3715.54166666667,26.4083333333333,0.391666666666667,12590.475,23201.95,0,0.000602951907727
2024-05-05 07:00:00,,31573.1083333333,10648.925,0.252715447499832,42112.1666666667,42641.0758349101,4448.1,109.866666666667,3715.7,125.333333333333,0.391666666666667,10538.6666666667,23341.3166666667,0,0.002991213693119
2024-05-05 08:00:00,,33317.9083333333,7673.475,0.187575897555616,40880.0833333333,41460.3642628988,5529.66666666667,111.3,3715.46666666667,346.425,0.533333333333333,7561.64166666667,23786.6916666667,0,0.008444817885514
2024-05-05 09:00:00,,35178.9916666667,5052.90833333333,0.125922228166128,40122.5,40454.9737421672,6272.14166666667,109.4,3716.13333333333,333.933333333333,0.408333333333333,4943.1,24739.7666666667,0,0.008314598182681
2024-05-05 10:00:00,,35758.675,4328.29166666667,0.108230943215736,39977.6666666667,40005.9575080872,6384.64166666667,109.3,3716.86666666667,326.558333333333,0.408333333333333,4218.58333333333,25092.5666666667,0,0.008172224852083
2024-05-05 11:00:00,,36107.7333333333,3619.35,0.091357813158308,39617.5833333333,40158.4804827372,6213.925,109.5,3716.50833333333,706.35,2.71666666666667,3507.13333333333,25141.1583333333,0,0.017828013234774
2024-05-05 12:00:00,,35220.3,4869.775,0.121643289092624,39983.5833333333,39897.3103383382,6046.59166666667,106.491666666667,3716.275,273.7,837.008333333333,3926.275,24861.6916666667,0,0.006893332011405
2024-05-05 13:00:00,,34306.9333333333,7944.58333333333,0.188237543936562,42158.6666666667,41013.6083730062,5865.65,92.85,3715.75,131.75,3796.36666666667,4055.36666666667,24304.7916666667,0,0.003110749471284
2024-05-05 14:00:00,,34038.425,9921.33333333333,0.226007528926162,43881.25,43514.6061299642,5757.15,78.5083333333333,3715.775,77.9916666666667,5501.55833333333,4341.26666666667,24286.7833333333,0,0.001779716222725
2024-05-05 15:00:00,,33941.7583333333,11432.275,0.252278621367049,45295.9166666667,45522.6794865926,5702.80833333333,78.1166666666667,3715.81666666667,107.933333333333,6761.49166666667,4592.66666666667,24131.5833333333,0,0.002380849001358
2024-05-05 16:00:00,,34395.425,13560.625,0.283077084740922,47883.25,47076.4199117025,5812.74166666667,72.8,3716.48333333333,110.508333333333,8358.475,5129.35,24558.2916666667,0,0.002294068099094
2024-05-05 17:00:00,,34593.4416666667,15492.0666666667,0.309645567808917,50024.8333333333,49574.0209223429,5832.89166666667,60.675,3716,72.15,9859.59166666667,5571.8,24907.9416666667,0,0.001439535495652
2024-05-05 18:00:00,,34380.1166666667,16744.225,0.327893016847853,51061.5,51720.6781158447,5395.25833333333,62.8416666666667,3716.25,70.9666666666667,11109.0833333333,5572.3,25023.4166666667,0,0.001389927340688
2024-05-05 19:00:00,,34971.375,16572.1916666667,0.321932455367828,51480.5833333333,52037.1278483073,5580.225,62.9833333333333,3716.325,118.9,10698.2,5811.00833333333,25492.15,0,0.002308620936378
2024-05-05 20:00:00,,35338.925,16903.0583333333,0.323935187845652,52179.1666666667,51955.5352605184,5715.56666666667,62.8166666666667,3715.95,64.925,10616.7166666667,6223.525,25685.3583333333,0,0.001243322094389
2024-05-05 21:00:00,,35619.725,17666.6666666667,0.331935724061013,53223.5833333333,52681.550587972,5350.76666666667,62.8083333333333,3716.2,72.2666666666667,10355.05,7248.80833333333,26323.7,0,0.001357660482088
2024-05-05 22:00:00,,35348.575,18443.55,0.343427083482668,53702.1666666667,53540.3840281169,5238.39166666667,89.9583333333333,3715.25833333333,81.55,8429.18333333333,9924.40833333333,26119.8,0,0.001521721102099
2024-05-05 23:00:00,,34296.875,19407.525,0.362205045923259,53581.5,53523.1142145793,5028.25,122.9,3715.225,214.65,6448.225,12836.4,24993.9083333333,0,0.00400407508243
2024-05-06 00:00:00,,35383.625,17661.05,0.333565384328066,52934.5,53162.3799387614,5120.74166666667,110.175,3716.075,450.2,2483.73333333333,15067.1416666667,25711.775,0,0.008502956633257
2024-05-06 01:00:00,,36015.8666666667,17167.3666666667,0.32340353284078,53073.25,53025.5584081014,5364.31666666667,109.983333333333,3715.61666666667,546.5,75.9166666666667,16981.4666666667,26062.8833333333,0,0.010312236100791
2024-05-06 02:00:00,,32218.0333333333,20488.3333333333,0.389684896160672,52597.25,52509.7350463867,4390,109.116666666667,3715.65833333333,269.691666666667,0.366666666666667,20378.85,23529.05,0,0.005126388653874
2024-05-06 03:00:00,,27619.8583333333,22934.45,0.454920383351648,50444.5,50857.1205240885,3877.30833333333,109.808333333333,3716.15833333333,103.1,0.633333333333333,22824.0083333333,19748.9583333333,0,0.002039771661809
2024-05-06 04:00:00,,23860.7416666667,23665.4083333333,0.499226508603951,47416.8333333333,48216.3149223328,3764.28333333333,109.316666666667,3716.225,149.675,0.583333333333333,23555.5083333333,16058.5416666667,0,0.003148312881983
2024-05-06 05:00:00,,22212.9,22732.9833333333,0.506952030599553,44836.5833333333,45374.2160364787,3692.41666666667,109.3,3717.01666666667,89.5416666666667,0.433333333333333,22623.25,14548.1083333333,0,0.001977463278889
2024-05-06 06:00:00,,21279.425,22039.8666666667,0.510122863876877,43209.6666666667,43356.1579615275,3643.21666666667,109.625,3716.01666666667,22.8333333333333,0.591666666666667,21929.65,13702.1416666667,0,0.000529237546789
2024-05-06 07:00:00,,20337.95,22073.075,0.522027509183506,42283.1666666667,42338.0390586853,3557.625,127.858333333333,3716.59166666667,24.375,0.525,21944.6916666667,12815.4,0,0.000577232444568
2024-05-06 08:00:00,,20533.4083333333,21509.5083333333,0.51293783460916,41933.8333333333,42027.395459493,3352.45,109.083333333333,3716.49166666667,37.2583333333333,0.516666666666667,21399.9083333333,13224.15,0,0.000888981570861
2024-05-06 09:00:00,,21092.9583333333,21467.8583333333,0.505739489555159,42451,42418.6719144185,3441.21666666667,109.816666666667,3716.90833333333,31.6833333333333,0.641666666666667,21357.4,13696.825,0,0.000748525427928
2024-05-06 10:00:00,,22679.8083333333,21789.525,0.491290575700303,44359.3333333333,44015.8067652384,3696.71666666667,110,3716.375,77.5,0.6,21678.925,14886.9916666667,0,0.001759705377427
2024-05-06 11:00:00,,25252.05,22035.425,0.467183088865668,47177.25,46667.677019755,3975.69166666667,110.225,3715.39166666667,232.808333333333,18.6083333333333,21906.5916666667,17135.375,0,0.004925485373535
2024-05-06 12:00:00,,26520.275,22023.875,0.454696161170659,48434.3333333333,48536.7230707804,4126.13333333333,109.816666666667,3716.4,383.925,1203.78333333333,20710.275,18054.9916666667,0,0.007932498164262
2024-05-06 13:00:00,,25179.5,24670.325,0.496086598356151,49721.4166666667,49638.664516449,4400.975,128.408333333333,3716.76666666667,99.7666666666667,5210.25,19331.6666666667,16634.0583333333,0,0.002003380715666
2024-05-06 14:00:00,,24665.5083333333,27101.2333333333,0.524468111074258,51667.9166666667,51230.4808731079,4616.41666666667,98.825,3715.61666666667,35.8416666666667,7201.25833333333,19801.15,16128.1416666667,0,0.000689523966321
2024-05-06 15:00:00,,25105.2833333333,28538.825,0.532740948068443,53566.3333333333,53432.980913798,4541.45833333333,77.775,3715.5,120.066666666667,8043.79166666667,20417.2583333333,16491.8416666667,0,0.002240758536511
2024-05-06 16:00:00,,26038.0166666667,29601.2416666667,0.532744895568251,55564.4166666667,55387.3823420207,4332.79166666667,74.8416666666667,3714.05833333333,130.183333333333,9241.99166666667,20284.4083333333,17621.675,0,0.002343861800634
2024-05-06 17:00:00,,27295.4666666667,30050.9166666667,0.524632628478752,57283.3333333333,57515.9326019287,4541.53333333333,63.05,3714.29166666667,145.9,10164.95,19822.9166666667,18930.75,0,0.002542756404591
2024-05-06 18:00:00,,28141.5333333333,31180.4083333333,0.52613568012834,59262.5,59137.3468602498,4667.55,59.4416666666667,3714.4,180.791666666667,11173.5083333333,19947.4583333333,19593.925,0,0.003045765824494
2024-05-06 19:00:00,,29383.3416666667,31639.3916666667,0.518994107187261,60964.8333333333,60707.9115117391,5174.13333333333,57.9,3712.85833333333,127.883333333333,11548.025,20033.4666666667,20408.8833333333,0,0.002099621891807
2024-05-06 20:00:00,,30470.1,31502.5166666667,0.509062360193187,61885.25,62108.9949061076,5206.5,87.3666666666667,3712.96666666667,216.3,11449.125,19966.025,21331.6583333333,0,0.003510793045859
2024-05-06 21:00:00,,32061.71,30851.1,0.491556266919252,62848.2,62499.1581700643,5167.66666666667,106.016666666667,3712.20833333333,182.608333333333,10532.5083333333,20212.575,23055.45,0,0.003075947393079
2024-05-06 22:00:00,,33583.1833333333,29156.8333333333,0.465514031254269,62634.1666666667,62949.9535929362,5240.75,105.85,3711.73333333333,239.116666666667,8950.30833333333,20100.675,24275.2333333333,0,0.003823133919513
2024-05-06 23:00:00,,34113.2666666667,27655.7916666667,0.448459531405065,61663.1666666667,61635.1190032959,5363.80833333333,105.891666666667,3709.16666666667,155.025,6580.33333333333,20969.5666666667,24797.8916666667,0,0.002513172763818
2024-05-07 00:00:00,,36111.525,24534.1583333333,0.405323765679843,60516.5,60439.1165237427,6260,129.183333333333,3709.9,399.95,2667.81666666667,21737.1583333333,25404.3333333333,0,0.006623571774889
2024-05-07 01:00:00,,38254.1333333333,21759.4583333333,0.363204262911123,59910.25,59924.5291213989,6983.90833333333,103.341666666667,3709.39166666667,609.416666666667,93.55,21562.5666666667,26895.8916666667,0,0.010167337548539
2024-05-07 02:00:00,,37224.125,21229.775,0.363657082869838,58377.3333333333,58802.2609202067,6721.41666666667,76.5666666666667,3708.34166666667,452.05,0.008333333333333,21153.2,26466.7666666667,0,0.007758622991779
2024-05-07 03:00:00,,34398.375,20465.85,0.37350810442876,54805.4166666667,55715.7460912069,5502.61666666667,58.8083333333333,3707.95833333333,395.15,0.183333333333333,20406.8583333333,24918.9916666667,0,0.007187703522165
2024-05-07 04:00:00,,30887.525,20538.8,0.400001105761918,51365.25,51670.6730321248,4287.125,61.075,3707.03333333333,103.525,0.333333333333333,20477.3916666667,22986,0,0.001998997307926
2024-05-07 05:00:00,,28386.8666666667,20394.8166666667,0.418611698273317,48720.0833333333,48606.0813776652,3869.43333333333,61.6,3706.98333333333,70.5583333333333,0.358333333333333,20332.8583333333,20853.45,0,0.001444243793153
2024-05-07 06:00:00,,27133.9,19511.5166666667,0.418882392951833,46582.4166666667,47010.8736025492,3742.64166666667,63,3707.125,137.483333333333,0.233333333333333,19448.2833333333,19695.4666666667,0,0.002943316904975
2024-05-07 07:00:00,,27082.5833333333,18288.4583333333,0.403751762467373,45291.1666666667,45395.7944844564,3734.3,79.875,3707.05833333333,85.4583333333333,0.208333333333333,18208.375,19682.7916666667,0,0.001883753369315
2024-05-07 08:00:00,,28377.2666666667,16288.275,0.365124731550203,44603.0833333333,44753.8938814799,3845.78333333333,62.4583333333333,3694.45833333333,50.125,0.2,16225.6166666667,20902.4916666667,0,0.001124657035387
2024-05-07 09:00:00,,30708.0666666667,14081.0583333333,0.314864207408275,44727,44804.5726292928,4253.575,62.125,3694.3,31.0583333333333,0.2,14018.7333333333,22830.1916666667,0,0.000693755201694
2024-05-07 10:00:00,,35022.925,11269.6916666667,0.244010465165532,46229.9166666667,46060.7709452311,5561.45,62.7,3694.89166666667,279.541666666667,0.208333333333333,11206.7833333333,25454.7083333333,0.233333333333333,0.006033442493958
2024-05-07 11:00:00,,39828.9833333333,8506.14166666667,0.176290018751949,48272.75,48095.5606943766,6819.46666666667,62.375,3694.775,734.825,28.55,8415.21666666667,28368.0833333333,0,0.015207520972449
2024-05-07 12:00:00,,40266.1833333333,9029,0.183247246198408,49204.9166666667,49185.7608973185,6888.53333333333,90.2666666666667,3694.525,458.416666666667,2607.68333333333,6331.05,28931.2416666667,5.875,0.009369771040185
2024-05-07 13:00:00,,37295.325,14705.5166666667,0.283224069811506,51871.9166666667,50614.6643676758,6314.8,128.925,3694.76666666667,115.741666666667,9667.81666666667,4908.775,26885.4583333333,23.3416666666667,0.002231715038272
2024-05-07 14:00:00,,37526.05,16311.5333333333,0.303664320274688,53711.5,54560.8528340658,6562.64166666667,126.083333333333,3695.38333333333,114.775,12844.4916666667,3340.95833333333,26895.4583333333,44.25,0.002139487778671
2024-05-07 15:00:00,,38409.725,16917.1583333333,0.306311195957446,55228.4166666667,56029.9430720012,6922.23333333333,98.4666666666666,3695.06666666667,168.366666666667,14166.375,2652.31666666667,27388.6583333333,49.9833333333333,0.003039905737585
2024-05-07 16:00:00,,39545.4416666667,17524.1916666667,0.307457423378723,56993.8333333333,56927.0194015503,6982.08333333333,75.8,3693.85,372.9,15467.425,1980.96666666667,28276.0583333333,50.025,0.006544327613357
2024-05-07 17:00:00,,40404.2833333333,19215.8166666667,0.322558011836338,59557.9166666667,58803.1958516439,6967.6,62.1833333333333,3696.025,289.183333333333,16653.8583333333,2499.775,29246.85,50.025,0.004856859698517
2024-05-07 18:00:00,,40784.5166666667,21347.625,0.343827820103109,62075.25,61807.2418187459,6591.125,56.8916666666667,3695.45,137.8,16800.6166666667,4490.11666666667,30158.7333333333,50.0833333333333,0.002214557987468
2024-05-07 19:00:00,,41415.9416666667,23599.8916666667,0.363261713486551,64958.75,64103.513710022,6788.33333333333,57.0833333333333,3694.11666666667,83.8833333333333,16009.4916666667,7533.31666666667,30700.4583333333,50.0916666666667,0.001281755664284
2024-05-07 20:00:00,,42247.075,25144.8583333333,0.373422423815341,67331.0833333333,66857.0233230591,7044.88333333333,60.85,3694.075,153.8,14922.3916666667,10161.6166666667,31315.775,50.0833333333333,0.002289315904001
2024-05-07 21:00:00,,42728.475,26352.3916666667,0.381789463825532,69020.1666666667,68935.2153345744,6793.58333333333,60.7,3693.06666666667,73.8083333333333,14412.0166666667,11879.675,32147.7583333333,50.0583333333333,0.001072554302549
2024-05-07 22:00:00,,43004.8833333333,25754.225,0.374884638585244,68698.3333333333,69262.1114425659,6947.89166666667,60.775,3692.14166666667,139.691666666667,12382.2416666667,13311.2083333333,32261.4416666667,50.1583333333333,0.002032998376687
2024-05-07 23:00:00,,43903.725,23547.1583333333,0.349362444049838,67389.75,67370.2411855062,7445.20833333334,61.1333333333333,3689.81666666667,209.758333333333,9303.11666666666,14182.9083333333,32581.9166666667,50.2666666666667,0.003118444460741
2024-05-08 00:00:00,,46009.075,19037.6916666667,0.292713250133547,64986.9166666667,65465.0643666585,7770.70833333333,59.85,3689.40833333333,482.758333333333,3618.18333333333,15359.6583333333,34093.4666666667,50.2333333333333,0.007464679728104
2024-05-08 01:00:00,,45271.975,18435.8083333333,0.289642038018161,63648.4166666667,63495.7629063924,7619.575,59.3666666666667,3689.49166666667,583.833333333333,141.25,18235.1916666667,33412.875,50.1083333333333,0.00917478746578
2024-05-08 02:00:00,,40179.425,21783.9083333333,0.352036373405759,61903.6666666667,61887.6468098958,7096.5,59.6666666666667,3687.325,189.141666666667,0.225,21724.0166666667,29227.4416666667,50.65,0.003050233081466
2024-05-08 03:00:00,,35945,22688.8083333333,0.387487708349544,58574.25,58998.3733711243,5873.26666666667,59.5583333333333,3687.15833333333,85.5166666666667,104.866666666667,22524.3833333333,26188.5583333333,50.5916666666667,0.001454798567066
2024-05-08 04:00:00,,32126.175,22649.025,0.414052720996688,54715.5,55591.6500027974,4895.98333333333,59.7,3687.09166666667,141.75,125.833333333333,22463.4916666667,23287.1333333333,50.6166666666667,0.002576837802079
2024-05-08 05:00:00,,29617.8083333333,21911.0833333333,0.42575557596847,51469.0833333333,52146.3165219625,4410.06666666667,59.8083333333334,3688.05,100.591666666667,52.7333333333333,21798.5416666667,21307.1416666667,50.5166666666667,0.001929492657299
2024-05-08 06:00:00,,28411.5416666667,21396.0416666667,0.430352808063028,49721.1666666667,49393.7213236491,4364.53333333333,86.4166666666667,3687.75833333333,20.9916666666667,0.5,21309.125,20202.5916666667,50.6416666666667,0.000420271143017
2024-05-08 07:00:00,,27196.7333333333,21468.8083333333,0.441879237283075,48587.6666666667,48688.2110913595,4279.275,77.875,3688.78333333333,56.2916666666667,0.516666666666667,21390.4166666667,19052.4583333333,50.65,0.001160331047807
2024-05-08 08:00:00,,26206.5666666667,21655.2916666667,0.453027798454546,47801.25,48157.8812230428,4262.86666666667,60.6083333333333,3688.66666666667,71.8083333333333,0.483333333333333,21594.2,18064.15,50.6,0.001505847778441
2024-05-08 09:00:00,,27082.2833333333,20785.75,0.43477866222031,47808,47981.9699834188,4260.90833333333,60.0333333333333,3688.75833333333,127.891666666667,0.316666666666667,20725.4,18888.0166666667,50.6833333333333,0.002675163946773
2024-05-08 10:00:00,,29490.65,19533.0833333333,0.39903866331677,48963.5833333333,48983.5294087728,4331.98333333333,60.15,3689.18333333333,286.658333333333,0.233333333333333,19472.7,21052.1916666667,50.6166666666667,0.005849707128601
2024-05-08 11:00:00,,32597.7583333333,18810.3333333333,0.366350705849363,51347.9166666667,50711.2383600871,5193.18333333333,60.175,3688.24166666667,366.058333333333,14.7666666666667,18735.3916666667,23175.6583333333,50.625,0.007138825296985
2024-05-08 12:00:00,,32928.0083333333,19452.875,0.371771660232347,52320.8333333333,52355.2122472127,5482.26666666667,60.05,3688.775,217.116666666667,1995.19166666667,17397.6333333333,23329.5583333333,50.6666666666667,0.004155141014079
2024-05-08 13:00:00,,32504.95,21494.9916666667,0.398395043063789,53940,53692.5580927531,5285.79166666667,59.9416666666667,3688.41666666667,46.0583333333333,7963.90833333333,13471.1416666667,23180.3583333333,50.625,0.000866435320064
2024-05-08 14:00:00,,31873.1916666667,23717.9833333333,0.427044658645082,55531.1666666667,55893.4895502726,4855.775,60.0083333333333,3688.31666666667,24.7416666666667,11134.8833333333,12523.0916666667,23057.8333333333,63.65,0.000443325005138
2024-05-08 15:00:00,,32839.4333333333,24877.95,0.431586039679823,57657.25,57746.9401931763,4833.05,60.1333333333333,3689.53333333333,100.766666666667,12622.675,12195.1416666667,23891.8083333333,78.3,0.001750349561474
2024-05-08 16:00:00,,36897.95,22861.9416666667,0.383110587854681,59703.3333333333,59876.3828913371,6311.4,56.5583333333333,3692.25,151.075,13983.575,8821.80833333333,26535.7083333333,73.475,0.002548323611478
2024-05-08 17:00:00,,40045.675,22249.1416666667,0.357513070038574,62238.5,61872.2510426839,7487.70833333333,56.3166666666667,3697.05833333333,81.9333333333333,15808.175,6384.65,28441.2666666667,75.4583333333333,0.001318916257708
2024-05-08 18:00:00,,42843.6416666667,21589.5583333333,0.335494825890267,64373.5,64549.4552688599,7580.91666666667,59.7,3695.53333333333,103.766666666667,16010.35,5519.50833333333,31226.4333333333,77.675,0.001613373896849
2024-05-08 19:00:00,,45734.5583333333,20965.575,0.314630566847763,66640.5,66157.0897979736,7505.71666666667,59.6333333333333,3688.15,111.208333333333,15932.1083333333,4973.83333333333,34030.3416666667,79.2416666666667,0.001666223105221
2024-05-08 20:00:00,,47663.1166666667,20767.8583333333,0.303783050390399,68371.25,68247.5171305339,7652.65,59.725,3684.175,289.216666666667,15782.7916666667,4925.34166666667,35685.2916666667,78.125,0.004222982109336
2024-05-08 21:00:00,,49345.15,19641.975,0.285019275356846,68915.3333333333,69853.6318944295,7843.71666666667,71.7916666666667,3684.18333333333,176.416666666667,14502.9166666667,5067.26666666667,37277.8083333333,73.2333333333333,0.002559971538866
2024-05-08 22:00:00,,50312.225,18290.6916666667,0.266913024544411,68523.6666666667,69120.3896128337,7843.85,79.25,3682.93333333333,347.216666666667,12648.9583333333,5562.48333333333,38065.2083333333,70.2666666666667,0.005066778029515
2024-05-08 23:00:00,,50865.9,15990.0916666667,0.239445023541283,66749.0833333333,67476.5200958252,7921.75,106.908333333333,3681.54166666667,484.516666666667,9877.45833333333,6005.725,38371.1,70.1583333333334,0.007281517781985
2024-05-09 00:00:00,,53690.225,10439.55,0.162927811584548,63952.8333333333,64956.8972930908,8078.59166666667,176.941666666667,3681.94166666667,1900.88333333333,3832.21666666667,6430.39166666667,39545.6916666667,70.2583333333333,0.029875350474399
2024-05-09 01:00:00,,54189.825,8029.625,0.129389999939693,62081,62100.4153874715,8064.15833333333,138.45,3681.89166666667,2179.54166666667,146.108333333333,7745.06666666667,39838.625,70.0666666666667,0.035046167567327
2024-05-09 02:00:00,,50251.0333333333,10313.1333333333,0.170630248514658,60485.0833333333,60042.9633000692,7656.53333333333,79.0833333333333,3682.4,702.575,0.008333333333333,10234.0416666667,38031.9416666667,70.1416666666667,0.011570045222291
2024-05-09 03:00:00,,45420.4416666667,11864.45,0.207545932004154,57224.1666666667,57551.9893544515,7315.675,60.725,3682.925,97.3833333333334,0.108333333333333,11803.6166666667,34165.1916666667,70.0666666666667,0.001694967576945
2024-05-09 04:00:00,,39883.9583333333,13383.2416666667,0.251893045800784,53181.8333333333,54254.7483088175,7132.55,85.3666666666667,3682.475,83.3833333333334,0.15,13297.725,28828.6333333333,55.875,0.00155313472958
2024-05-09 05:00:00,,35437.375,14543.5333333333,0.291611313667923,49899.5,50658.0109265645,6264.65,81.4083333333333,3682.475,50.3833333333333,0.158333333333333,14461.9666666667,25316.55,50.4833333333333,0.000999641672765
2024-05-09 06:00:00,,33283.35,14602.4833333333,0.305425662990061,47803.5,47924.4728317261,5606.89166666667,82.3333333333333,3682.83333333333,83.3166666666667,0.15,14520,23852.5416666667,50.5833333333333,0.001745576990383
2024-05-09 07:00:00,,32967.9833333333,13442.9583333333,0.290103395856812,46329.0833333333,46546.5684928894,5809.69166666667,81.8583333333333,3682.95833333333,14.25,0.2,13360.9,23404.9083333333,50.4416666666667,0.000308972845428
2024-05-09 08:00:00,,33512.5583333333,12084.35,0.265486403560752,45515,45661.908068339,6000.74166666667,81.9083333333333,3683.45,36.7083333333333,0.2,12002.2416666667,23707,50.4833333333333,0.000805256051725
2024-05-09 09:00:00,,34368.975,11356.5833333333,0.24882021891663,45643.5833333333,45648.4201558431,6304.26666666667,81.975,3683.15,53.4916666666667,0.216666666666667,11274.3916666667,24239.3833333333,50.475,0.001173770354662
2024-05-09 10:00:00,,36519.2083333333,10619.8833333333,0.225759270832837,47057.25,46991.8169377645,7117.26666666667,81.8416666666667,3683.55833333333,145.158333333333,0.2,10537.8416666667,25576.35,50.5666666666667,0.003071238362681
2024-05-09 11:00:00,,38800.2,10543.3166666667,0.213970874028452,49262.1666666667,48880.2967427572,7745.775,81.35,3683.46666666667,545.766666666667,34.7583333333333,10427.2083333333,26713.1916666667,50.5166666666667,0.011089338833719
2024-05-09 12:00:00,,38277.3,12435.425,0.245594445964258,50605,50294.2385279338,7472.65,107.725,3683.89166666667,275.283333333333,2178.34166666667,10149.3583333333,26597.2083333333,50.575,0.005462916465507
2024-05-09 13:00:00,,35911.7416666667,16810.5333333333,0.319167363866629,52624.0833333333,52196.4170735677,7112.04166666667,98.1916666666667,3683.95833333333,75.2166666666667,8019.61666666667,8692.725,24990.7916666667,50.3583333333333,0.00142224303233
2024-05-09 14:00:00,,34761.2666666667,19997.375,0.365653377769081,54677.9166666667,55079.0543619792,6975.68333333333,80.725,3684.39166666667,70.675,10558.1,9358.55,24149.9,50.3083333333333,0.001301122914714
2024-05-09 15:00:00,,34707.8166666667,22346.975,0.392139400863625,56974,57045.8137232463,6868.08333333333,80.7916666666667,3683.375,130.841666666667,12854.2416666667,9411.94166666667,23917.225,50.2833333333333,0.002295020140205
2024-05-09 16:00:00,,35673.0166666667,23912.6583333333,0.401856830394839,59504.9166666667,59197.8927357992,7290.61666666667,80.7583333333333,3682.95833333333,107.425,14659.875,9172.025,24462.25,50.375,0.001806680764983
2024-05-09 17:00:00,,37838.8916666667,23802.6083333333,0.386869906966842,61532.75,61745.2666956584,7433.11666666667,108.75,3682.6,380.7,14917.175,8776.68333333333,26062.2,51.475,0.006170964444261
2024-05-09 18:00:00,,39654.2833333333,24095.8583333333,0.378721182281861,63625.3333333333,63483.286509196,7370.725,124.808333333333,3681.75833333333,429.408333333333,14877.2833333333,9093.76666666667,27782.7916666667,54.925,0.006763299630441
2024-05-09 19:00:00,,41023.3583333333,24878.05,0.378056948640002,65801.75,65045.0292027791,7302.10833333333,99.6583333333333,3680.7,190.191666666667,14288.375,10490.0166666667,29491.3916666667,50.2666666666667,0.002898249095727
2024-05-09 20:00:00,,41517.4333333333,25351.6916666667,0.379622015821605,66782.1666666667,66919.2851435343,7449.625,86.9583333333333,3679.9,273.183333333333,13220.725,12044.0083333333,29753.9166666667,50.275,0.004090461582705
2024-05-09 21:00:00,,41756.8083333333,25254.0666666667,0.377627246948447,66874.6666666667,67123.8793284098,7621.125,136.208333333333,3678.55,207.558333333333,11888.4166666667,13229.4416666667,29863.075,50.25,0.003105085170531
2024-05-09 22:00:00,,41071.1416666667,25398.7333333333,0.382948801451607,66325.5833333333,66422.279548645,7684.09166666667,144.291666666667,3676.95833333333,98.8583333333333,9956.33333333333,15298.1083333333,29264.2916666667,50.3583333333333,0.001491168722883
2024-05-09 23:00:00,,39879.8583333333,24597.5,0.382429798673902,64312,64842.04002889,7606.35,165.358333333333,3678.29166666667,81.9916666666667,7256.725,17175.4166666667,28144.1916666667,50.2583333333333,0.001277105252752
2024-05-10 00:00:00,,41037.45,21436.1166666667,0.343923731441268,62306.25,62395.5655415853,7474.91666666667,167.316666666667,3679.075,413.225,3163.13333333333,18105.6666666667,29031.675,50.325,0.006646390010194
2024-05-10 01:00:00,,42270.5416666667,18689.75,0.307317023952021,60816.3333333333,60923.8389104207,7521.825,143.958333333333,3679.76666666667,582.616666666667,185.458333333333,18360.3333333333,30067.5,50.3416666666667,0.009585929085173
2024-05-10 02:00:00,,39085.4416666667,19424.2666666667,0.332767661407417,58382.1666666667,59087.5622329712,7462.39166666667,127.541666666667,3680.18333333333,396.9,0.1,19296.625,27143.1333333333,50.3166666666667,0.00679094255168
2024-05-10 03:00:00,,36470.0583333333,18545.8583333333,0.337908747953359,54889.5,55175.4492212931,7353.95,126.416666666667,3679.78333333333,105.491666666667,0.291666666666667,18419.15,24991.6416666667,50.2833333333333,0.001919153541895
2024-05-10 04:00:00,,33881.5666666667,17465.8833333333,0.341039908074088,51221.4166666667,51683.9344736735,7149.13333333333,126.033333333333,3679.50833333333,66.7166666666667,0.333333333333333,17339.5166666667,22954.4666666667,50.35,0.00130527524379
2024-05-10 05:00:00,,31982.125,15960.2,0.333675454207007,47816.25,48569.5005518595,6445.28333333333,126.075,3680.38333333333,64.0083333333333,0.358333333333333,15833.7666666667,21685.975,50.3,0.001340977482641
2024-05-10 06:00:00,,31801.3583333333,13806.5666666667,0.30357043505054,45459.75,45748.3114102682,5942.51666666667,148.175,3681.725,21.7916666666667,0.358333333333333,13658.0333333333,22027.45,50.3333333333333,0.00047937673878
2024-05-10 07:00:00,,32771.05,11112.6916666667,0.253950318637952,43740.5,44035.7488759359,6374.95,143.241666666667,3681.89166666667,10.4166666666667,0.375,10969.075,22628.2666666667,50.375,0.000236691784568
2024-05-10 08:00:00,,33575.6583333333,9557.125,0.222177329122597,43010.4166666667,42969.687335968,6515.58333333333,122.366666666667,3683.9,32.8583333333333,0.383333333333333,9434.375,23236.875,50.275,0.000764453780664
2024-05-10 09:00:00,,34212.9,8869.525,0.206471432246274,42956.1666666667,43134.4780604045,6633.025,126.258333333333,3685.875,35.975,0.416666666666667,8742.85,23699.5083333333,50.3,0.000837542347265
2024-05-10 10:00:00,,34637.9583333333,9549.575,0.216688060086027,44061.9166666667,43984.3881352743,6643.25,125.616666666667,3687.19166666667,93.4166666666667,0.358333333333333,9423.6,24127.0333333333,50.475,0.00211465113147
2024-05-10 11:00:00,,35965.9166666667,10363.4166666667,0.224302842549369,46203.6666666667,45762.0858281454,6924.24166666667,125.666666666667,3687.175,557.866666666667,57.7666666666667,10179.9833333333,24668.4083333333,50.0416666666667,0.012068282095734
2024-05-10 12:00:00,,34941.5166666667,12297.475,0.260948250315499,47113.25,47281.9956130981,6472.75,125.741666666667,3687.21666666667,434.375,1718.825,10452.9083333333,24083.5083333333,50.7416666666667,0.009230084745737
2024-05-10 13:00:00,,31901.2833333333,16549.4333333333,0.342185857164054,48329.5833333333,48403.8270136515,6274.53333333333,121.133333333333,3686.91666666667,100.766666666667,6347.36666666667,10080.9333333333,21716.325,50.7,0.002095226165451
2024-05-10 14:00:00,,26439.8166666667,23745.9666666667,0.473977472274398,50061,49857.5401687622,4813.43333333333,124.783333333333,3687.55833333333,85.8,10009.3333333333,13611.85,17962.8916666667,51.8333333333333,0.0017087042487
2024-05-10 15:00:00,,24254.525,28000.75,0.536936494831985,52141.3333333333,51492.5992685954,4559.10833333333,113.941666666667,3687.60833333333,180.841666666667,10931.625,16955.1833333333,16021.9666666667,51.2333333333333,0.003460745274783
2024-05-10 16:00:00,,24312.6333333333,29209.075,0.546999810923106,53396.4166666667,53509.0047709147,4503.06666666667,125.291666666667,3686.30833333333,108.483333333333,11503.5916666667,17580.1916666667,16169.7833333333,51.175,0.002036101439548
2024-05-10 17:00:00,,24783.2,30581.0416666667,0.553600461164908,55238.8333333333,54562.4457321167,4406.83333333333,125.408333333333,3685.7,163.491666666667,13247.0916666667,17208.5416666667,16647.2,51.3583333333333,0.002956689829286
2024-05-10 18:00:00,,26439.275,30555.4916666667,0.537633033804819,56843.3333333333,56744.8598327637,4577.075,151.433333333333,3685.13333333333,80.4333333333333,14702.7916666667,15701.2666666667,18218.0833333333,51.3083333333333,0.001417818748317
2024-05-10 19:00:00,,29754.0583333333,29078.2416666667,0.495530849716429,58689.5,58012.6255874634,4724.46666666667,142.8,3683.96666666667,89.6833333333333,14936.4333333333,13999.0083333333,21439.7166666667,51.4666666666667,0.001527552343824
2024-05-10 20:00:00,,34290.5833333333,25787.6083333333,0.430247742333349,59952.4166666667,59736.1161448161,5302.40833333333,125.775,3398.45833333333,184.233333333333,13803.6333333333,11858.2,25566.7416666667,50.6083333333333,0.00307291492159
2024-05-10 21:00:00,,38839.9583333333,21777.8166666667,0.360055060521929,60480.5,60369.1319249471,6646.05833333333,137.275,2850.225,616.466666666667,11216.825,10423.7166666667,28794.3833333333,50.5583333333333,0.010190345186487
2024-05-10 22:00:00,,41924.4416666667,18396.9083333333,0.305660348467101,60181.1666666667,60030.8084894816,7426.1,140.183333333333,2462.7,365.916666666667,8182.85,10073.875,31441.3916666667,49.9583333333333,0.006080491900506
2024-05-10 23:00:00,,43532.7083333333,14601.65,0.251555605952717,57965.4166666667,58590.0156529744,7698.125,168.941666666667,2462.84166666667,488.091666666667,4558.33333333333,9874.375,32666.7,50.0166666666667,0.008440818156575
2024-05-11 00:00:00,,45014.975,10596.325,0.190887032396871,55447.6666666667,56063.4692687988,7634.85833333333,163.633333333333,2461.81666666667,795.616666666667,1221.65833333333,9211.03333333333,33821.3,50.5333333333333,0.01440700346328
2024-05-11 01:00:00,,45852.75,8046.55833333333,0.149635568197057,53762.4166666667,54307.1359227498,7732.90833333333,136.891666666667,2461.725,1312.51666666667,48.9583333333333,7860.70833333334,34072.8666666667,50.625,0.024394700665787
2024-05-11 02:00:00,,44984.5,7590.90833333333,0.144713337944392,52452.5,52524.5044517517,7699.125,122.908333333333,2460.625,527.566666666667,0,7468,34053.8583333333,50.5666666666667,0.010048292802686
2024-05-11 03:00:00,,43361.175,7535.6,0.148417804724019,50780.1666666667,50550.8475189209,7347.41666666667,116.608333333333,2461.225,132.408333333333,0.066666666666667,7418.925,33241.4583333333,50.5166666666667,0.002596581132327
2024-05-11 04:00:00,,40866.8833333333,7584.11666666667,0.15695693870363,48330.4166666667,48904.8533198039,7243.60833333333,120.583333333333,2461.53333333333,145.666666666667,0.191666666666667,7463.34166666667,30849.6833333333,50.525,0.003029024614774
