interval_start_utc,interval_end_utc,net_load,renewables,renewables_to_load_ratio,primary_power_source,load.load,load_forecast.publish_time_utc,load_forecast.load_forecast,fuel_mix.coal_and_lignite,fuel_mix.hydro,fuel_mix.nuclear,fuel_mix.power_storage,fuel_mix.solar,fuel_mix.wind,fuel_mix.natural_gas,fuel_mix.other,battery_discharge_to_load_ratio
2024-05-01 05:00:00+00:00,2024-05-01 05:05:00+00:00,25503.1,23247.0,0.47744916820702404,wind,48690,2024-05-01 04:30:00+00:00,49838.28985595703,3992.2,60.1,3713.3,125.8,0.2,23186.7,17601.9,0.0,0.002583692750051345
2024-05-01 05:05:00+00:00,2024-05-01 05:10:00+00:00,25257.9,23317.5,0.48062454910852315,wind,48515,2024-05-01 04:30:00+00:00,49587.09321085612,3973.4,60.4,3714.2,91.1,0.5,23256.6,17411.3,0.0,0.0018777697619293
2024-05-01 05:10:00+00:00,2024-05-01 05:15:00+00:00,25445.0,22630.199999999997,0.4713250301995251,wind,48014,2024-05-01 04:30:00+00:00,49335.89656575521,3973.7,61.2,3711.9,150.2,0.4,22568.6,17547.0,0.0,0.003128254259174407
2024-05-01 05:15:00+00:00,2024-05-01 05:20:00+00:00,25259.5,22951.0,0.476656282450675,wind,48150,2024-05-01 04:30:00+00:00,49084.6999206543,3983.3,60.5,3713.0,171.0,0.6,22889.9,17310.6,0.0,0.0035514018691588786
2024-05-01 05:20:00+00:00,2024-05-01 05:25:00+00:00,24971.6,22886.7,0.47882128959370684,wind,47798,2024-05-01 04:30:00+00:00,48833.50327555338,3982.2,60.3,3714.5,111.3,0.5,22825.9,17101.0,0.0,0.0023285493116866813
2024-05-01 05:25:00+00:00,2024-05-01 05:30:00+00:00,24802.3,22733.5,0.47885202738283306,wind,47475,2024-05-01 04:30:00+00:00,48582.30663045248,3986.5,60.8,3714.0,514.9,0.3,22672.4,16529.2,0.0,0.010845708267509215
2024-05-01 05:30:00+00:00,2024-05-01 05:35:00+00:00,24708.8,22662.8,0.4790175646255628,wind,47311,2024-05-02 04:30:00+00:00,47938.48022460938,3978.5,60.6,3713.5,486.6,0.5,22601.7,16481.4,0.0,0.010285134535308913
2024-05-01 05:35:00+00:00,2024-05-01 05:40:00+00:00,24572.100000000002,22578.2,0.4794691017201104,wind,47090,2024-05-02 04:30:00+00:00,47704.68432617188,3974.8,60.3,3713.6,134.2,0.6,22517.3,16661.8,0.0,0.0028498619664472286
2024-05-01 05:40:00+00:00,2024-05-01 05:45:00+00:00,24309.8,22728.600000000002,0.48381370002980123,wind,46978,2024-05-02 04:30:00+00:00,47470.88842773438,3972.7,60.4,3712.5,142.6,0.8,22667.4,16429.2,0.0,0.0030354634084039335
2024-05-01 05:45:00+00:00,2024-05-01 05:50:00+00:00,24248.3,22464.0,0.4815227642973506,wind,46652,2024-05-02 04:30:00+00:00,47237.09252929688,3962.5,60.3,3712.8,130.1,0.3,22403.4,16369.0,0.0,0.0027887336019891966
2024-05-01 05:50:00+00:00,2024-05-01 05:55:00+00:00,24012.7,22478.8,0.48413344532747515,wind,46431,2024-05-02 04:30:00+00:00,47003.29663085938,3976.3,60.5,3711.4,65.0,0.5,22417.8,16197.3,0.0,0.0013999267730611014
2024-05-01 05:55:00+00:00,2024-05-01 06:00:00+00:00,23886.8,22417.8,0.48477207853991866,wind,46244,2024-05-02 04:30:00+00:00,46769.50073242188,3985.2,60.6,3712.4,128.1,29.2,22328.0,16010.6,0.0,0.0027700890926390448
2024-05-01 06:00:00+00:00,2024-05-01 06:05:00+00:00,23959.8,22352.7,0.48328072299576236,wind,46252,2024-05-02 04:30:00+00:00,46535.70483398438,3976.5,60.5,3714.5,60.6,25.7,22266.5,16113.6,0.0,0.0013102136123843294
2024-05-01 06:05:00+00:00,2024-05-01 06:10:00+00:00,23724.3,22416.2,0.48645211692454593,wind,46081,2024-05-02 04:30:00+00:00,46301.90893554688,3962.6,59.5,3711.8,27.2,2.3,22354.4,15946.5,0.0,0.0005902649682081552
2024-05-01 06:10:00+00:00,2024-05-01 06:15:00+00:00,23666.899999999998,22268.300000000003,0.48541253405994556,wind,45875,2024-05-02 04:30:00+00:00,46068.11303710938,3986.1,60.2,3710.2,58.5,2.2,22205.9,15820.2,0.0,0.0012752043596730245
2024-05-01 06:15:00+00:00,2024-05-01 06:20:00+00:00,23722.899999999998,22140.600000000002,0.4833875510337751,wind,45803,2024-05-02 04:30:00+00:00,45834.31713867188,4002.0,60.5,3712.3,51.3,16.9,22063.2,15866.9,0.0,0.0011200139728838722
2024-05-01 06:20:00+00:00,2024-05-01 06:25:00+00:00,23968.1,21826.6,0.4772510604801679,wind,45734,2024-05-02 04:30:00+00:00,45600.52124023438,4018.5,60.7,3711.1,177.0,0.4,21765.5,15980.9,0.0,0.003870205973673853
2024-05-01 06:25:00+00:00,2024-05-01 06:30:00+00:00,23768.6,21642.8,0.47722872704019753,wind,45351,2024-05-02 04:30:00+00:00,45366.72534179688,3978.7,60.4,3711.1,31.1,0.4,21582.0,15970.0,0.0,0.000685762166214637
2024-05-01 06:30:00+00:00,2024-05-01 06:35:00+00:00,23630.6,21617.100000000002,0.47838142869788447,wind,45188,2024-05-02 04:30:00+00:00,45132.92944335938,3967.9,59.7,3710.9,14.1,0.5,21556.9,15848.8,0.0,0.00031202974240948926
2024-05-01 06:35:00+00:00,2024-05-01 06:40:00+00:00,23450.3,21747.9,0.48180911870264526,wind,45138,2024-05-02 04:30:00+00:00,45058.152821858734,3984.0,60.2,3710.6,35.0,0.5,21687.2,15646.4,0.0,0.0007753998847977314
2024-05-01 06:40:00+00:00,2024-05-01 06:45:00+00:00,23371.699999999997,21622.9,0.4812039612774007,wind,44935,2024-05-02 04:30:00+00:00,44983.37620035808,3971.5,59.6,3712.2,7.7,0.4,21562.9,15591.5,0.0,0.00017135862913096695
2024-05-01 06:45:00+00:00,2024-05-01 06:50:00+00:00,23312.899999999998,21676.5,0.4824612165861693,wind,44929,2024-05-02 04:30:00+00:00,44908.59957885743,3997.1,60.4,3711.4,76.8,0.7,21615.4,15435.5,0.0,0.0017093636626677646
2024-05-01 06:50:00+00:00,2024-05-01 06:55:00+00:00,23173.0,21747.3,0.4847815425769059,wind,44860,2024-05-02 04:30:00+00:00,44833.82295735678,3973.3,60.3,3711.8,25.1,0.5,21686.5,15379.1,0.0,0.0005595185020062416
2024-05-01 06:55:00+00:00,2024-05-01 07:00:00+00:00,23026.800000000003,21693.199999999997,0.48574115539632773,wind,44660,2024-05-02 04:30:00+00:00,44759.046335856125,3965.9,60.0,3712.7,25.1,0.6,21632.6,15232.0,0.0,0.0005620241827138379
2024-05-01 07:00:00+00:00,2024-05-01 07:05:00+00:00,22988.1,21429.4,0.4832536532563594,wind,44344,2024-05-02 04:30:00+00:00,44684.269714355476,3973.4,73.5,3710.3,64.4,0.4,21355.5,15122.6,0.0,0.0014522821576763486
2024-05-01 07:05:00+00:00,2024-05-01 07:10:00+00:00,22882.7,21426.1,0.4844136465374963,wind,44231,2024-05-02 04:30:00+00:00,44609.49309285483,3964.5,77.8,3711.9,16.3,0.5,21347.8,15081.1,0.0,0.00036851981641834914
2024-05-01 07:10:00+00:00,2024-05-01 07:15:00+00:00,22784.1,21583.5,0.4873221946263265,wind,44290,2024-05-02 04:30:00+00:00,44534.71647135417,3947.9,77.6,3711.9,3.6,0.7,21505.2,14998.3,0.0,8.128245653646422e-05
2024-05-01 07:15:00+00:00,2024-05-01 07:20:00+00:00,22821.9,21558.399999999998,0.48663461321414864,wind,44301,2024-05-02 04:30:00+00:00,44459.93984985352,3942.8,79.3,3710.5,34.9,0.5,21478.6,15008.9,0.0,0.0007877926006184962
2024-05-01 07:20:00+00:00,2024-05-01 07:25:00+00:00,23061.2,21139.8,0.47913238593866864,wind,44121,2024-05-02 04:30:00+00:00,44385.163228352874,3941.8,80.0,3712.8,120.6,0.7,21059.1,15175.8,0.0,0.0027333922621880736
2024-05-01 07:25:00+00:00,2024-05-01 07:30:00+00:00,23021.5,21023.7,0.4781808670336169,wind,43966,2024-05-02 04:30:00+00:00,44310.38660685222,3873.6,79.2,3712.7,25.1,0.5,20944.0,15312.9,0.0,0.0005708956921257335
2024-05-01 07:30:00+00:00,2024-05-01 07:35:00+00:00,22991.899999999998,21103.100000000002,0.47943067451212035,wind,44017,2024-05-02 04:30:00+00:00,44235.60998535157,3833.7,78.0,3711.8,4.6,0.7,21024.4,15334.3,0.0,0.00010450507758366085
2024-05-01 07:35:00+00:00,2024-05-01 07:40:00+00:00,23144.0,20754.5,0.473630762209037,wind,43820,2024-05-02 04:30:00+00:00,44152.954732259124,3832.4,78.5,3712.3,67.8,0.6,20675.4,15430.8,0.0,0.0015472387037882246
2024-05-01 07:40:00+00:00,2024-05-01 07:45:00+00:00,23227.7,20528.7,0.4700009157928477,wind,43678,2024-05-02 04:30:00+00:00,44070.29947916667,3828.0,78.4,3713.3,18.3,0.8,20449.5,15570.1,0.0,0.0004189752278034709
2024-05-01 07:45:00+00:00,2024-05-01 07:50:00+00:00,23162.100000000002,20342.8,0.46843668685380063,wind,43427,2024-05-02 04:30:00+00:00,43987.644226074226,3809.3,77.9,3714.7,15.7,0.6,20264.3,15528.1,0.0,0.00036152623943629537
2024-05-01 07:50:00+00:00,2024-05-01 07:55:00+00:00,23202.4,20277.399999999998,0.4672104329393331,wind,43401,2024-05-02 04:30:00+00:00,43904.98897298178,3821.5,78.8,3713.3,44.1,1.3,20197.3,15513.8,0.0,0.0010161056196861824
2024-05-01 07:55:00+00:00,2024-05-01 08:00:00+00:00,23417.6,20111.5,0.46286536248561566,wind,43450,2024-05-02 04:30:00+00:00,43822.33371988933,3831.1,79.1,3712.4,45.6,0.5,20031.9,15723.8,0.0,0.0010494821634062141
2024-05-01 08:00:00+00:00,2024-05-01 08:05:00+00:00,23513.600000000002,19854.3,0.4586347886347886,wind,43290,2024-05-02 04:30:00+00:00,43739.67846679688,3822.2,77.9,3715.0,0.4,0.3,19776.1,15902.2,0.0,9.240009240009241e-06
2024-05-01 08:05:00+00:00,2024-05-01 08:10:00+00:00,23518.899999999998,19862.0,0.4584843378500035,wind,43321,2024-05-02 04:30:00+00:00,43657.02321370444,3804.8,59.9,3712.2,6.1,0.2,19801.9,15897.8,0.0,0.00014080930726437523
2024-05-01 08:10:00+00:00,2024-05-01 08:15:00+00:00,23397.5,19845.5,0.45956742236528264,wind,43183,2024-05-02 04:30:00+00:00,43574.367960611984,3806.2,60.0,3713.1,0.6,0.2,19785.3,15801.0,0.0,1.3894356575504249e-05
2024-05-01 08:15:00+00:00,2024-05-01 08:20:00+00:00,23292.7,19604.1,0.45764409272358003,wind,42837,2024-05-02 04:30:00+00:00,43491.71270751954,3803.3,59.8,3712.5,11.3,0.2,19544.1,15684.6,0.0,0.0002637906482713542
2024-05-01 08:20:00+00:00,2024-05-01 08:25:00+00:00,23140.899999999998,19663.9,0.46002807345888413,wind,42745,2024-05-02 04:30:00+00:00,43409.05745442709,3810.5,59.8,3712.8,22.7,0.2,19603.9,15505.6,0.0,0.0005310562638905135
2024-05-01 08:25:00+00:00,2024-05-01 08:30:00+00:00,23097.8,19722.2,0.46123012160898036,wind,42760,2024-05-02 04:30:00+00:00,43326.40220133464,3793.9,60.0,3712.9,35.7,0.3,19661.9,15464.8,0.0,0.0008348924228250703
2024-05-01 08:30:00+00:00,2024-05-01 08:35:00+00:00,23007.2,19730.199999999997,0.46231459568385774,wind,42677,2024-05-02 04:30:00+00:00,43243.746948242195,3827.3,60.4,3712.5,59.7,0.2,19669.6,15313.3,0.0,0.0013988799587599879
2024-05-01 08:35:00+00:00,2024-05-01 08:40:00+00:00,22975.3,19698.8,0.4622612287041817,wind,42614,2024-05-02 04:30:00+00:00,43193.6239420573,3820.0,60.1,3712.8,26.1,0.2,19638.5,15337.1,0.0,0.0006124747735485991
2024-05-01 08:40:00+00:00,2024-05-01 08:45:00+00:00,22945.3,19719.0,0.4628438644258755,wind,42604,2024-05-02 04:30:00+00:00,43143.500935872406,3813.7,60.3,3713.0,33.8,0.2,19658.5,15300.2,0.0,0.0007933527368322223
2024-05-01 08:45:00+00:00,2024-05-01 08:50:00+00:00,22804.8,19809.2,0.4655073553602482,wind,42554,2024-05-02 04:30:00+00:00,43093.37792968751,3795.7,60.0,3713.6,14.9,0.7,19748.5,15201.4,0.0,0.0003501433472764018
2024-05-01 08:50:00+00:00,2024-05-01 08:55:00+00:00,22632.7,19992.2,0.46968636203453545,wind,42565,2024-05-02 04:30:00+00:00,43043.25492350261,3805.0,59.9,3712.6,23.2,0.3,19932.0,15006.0,0.0,0.0005450487489721602
2024-05-01 08:55:00+00:00,2024-05-01 09:00:00+00:00,22527.0,20184.9,0.4732462721560537,wind,42652,2024-05-02 04:30:00+00:00,42993.13191731772,3803.4,59.9,3713.3,12.2,0.6,20124.4,14894.3,0.0,0.0002860358248147801
2024-05-01 09:00:00+00:00,2024-05-01 09:05:00+00:00,22423.1,20348.0,0.47641122895741145,wind,42711,2024-05-02 04:30:00+00:00,42943.00891113282,3811.9,60.1,3713.0,2.8,0.5,20287.4,14790.3,0.0,6.55568823019831e-05
2024-05-01 09:05:00+00:00,2024-05-01 09:10:00+00:00,22428.5,20383.6,0.47678705089820356,wind,42752,2024-05-02 04:30:00+00:00,42892.88590494792,3816.7,60.1,3713.9,2.8,0.7,20322.8,14769.6,0.0,6.54940119760479e-05
2024-05-01 09:10:00+00:00,2024-05-01 09:15:00+00:00,22457.100000000002,20409.5,0.4767906368266131,wind,42806,2024-05-02 04:30:00+00:00,42842.76289876303,3825.0,60.6,3714.9,45.1,0.6,20348.3,14780.6,0.0,0.0010535906181376442
2024-05-01 09:15:00+00:00,2024-05-01 09:20:00+00:00,22604.4,20355.6,0.47448951048951044,wind,42900,2024-05-02 04:30:00+00:00,42792.63989257813,3810.7,60.0,3712.3,2.0,0.5,20295.1,14920.1,0.0,4.662004662004662e-05
2024-05-01 09:20:00+00:00,2024-05-01 09:25:00+00:00,22542.8,20322.2,0.4747622941245182,wind,42805,2024-05-02 04:30:00+00:00,42742.516886393234,3810.2,60.0,3713.4,0.1,0.5,20261.7,14876.5,0.0,2.336175680411167e-06
2024-05-01 09:25:00+00:00,2024-05-01 09:30:00+00:00,22451.7,20299.1,0.4754889789416973,wind,42691,2024-05-02 04:30:00+00:00,42692.39388020834,3799.6,59.8,3713.8,0.1,0.5,20238.8,14802.0,0.0,2.3424140919631775e-06
2024-05-01 09:30:00+00:00,2024-05-01 09:35:00+00:00,22398.600000000002,20518.5,0.47876659588865295,wind,42857,2024-05-02 04:30:00+00:00,42642.270874023445,3808.2,60.1,3715.5,0.8,0.8,20457.6,14720.8,0.0,1.8666728889096297e-05
2024-05-01 09:35:00+00:00,2024-05-01 09:40:00+00:00,22421.800000000003,20562.699999999997,0.4790490168670207,wind,42924,2024-05-02 04:30:00+00:00,42753.365112304695,3813.9,60.5,3713.3,58.8,0.6,20501.6,14681.9,0.0,0.0013698630136986301
2024-05-01 09:40:00+00:00,2024-05-01 09:45:00+00:00,22446.0,20552.0,0.47864362569285945,wind,42938,2024-05-02 04:30:00+00:00,42864.459350585945,3813.7,60.0,3714.4,74.7,0.7,20491.3,14692.5,0.0,0.0017397177325445992
2024-05-01 09:45:00+00:00,2024-05-01 09:50:00+00:00,22500.7,20469.2,0.477026334187835,wind,42910,2024-05-02 04:30:00+00:00,42975.553588867195,3800.0,59.9,3713.5,34.6,0.6,20408.7,14809.8,0.0,0.0008063388487532044
2024-05-01 09:50:00+00:00,2024-05-01 09:55:00+00:00,22557.899999999998,20334.2,0.47474318266716475,wind,42832,2024-05-02 04:30:00+00:00,43086.647827148445,3816.8,60.1,3711.5,30.5,0.7,20273.4,14807.5,0.0,0.000712084422861412
2024-05-01 09:55:00+00:00,2024-05-01 10:00:00+00:00,22612.7,20350.5,0.47433745891895673,wind,42903,2024-05-02 04:30:00+00:00,43197.742065429695,3832.0,60.2,3713.6,38.4,0.6,20289.7,14873.4,0.0,0.0008950423047339347
2024-05-01 10:00:00+00:00,2024-05-01 10:05:00+00:00,23100.5,20354.2,0.4690556298105729,wind,43394,2024-05-02 04:30:00+00:00,43308.836303710945,3880.3,60.7,3712.9,174.8,0.6,20292.9,15202.6,0.0,0.004028206664515832
2024-05-01 10:05:00+00:00,2024-05-01 10:10:00+00:00,23403.0,20283.8,0.4649368510326174,wind,43627,2024-05-02 04:30:00+00:00,43419.930541992195,3853.2,59.8,3713.9,97.5,0.7,20223.3,15604.8,0.0,0.0022348545625415456
2024-05-01 10:10:00+00:00,2024-05-01 10:15:00+00:00,23574.0,20278.8,0.46306030644166873,wind,43793,2024-05-02 04:30:00+00:00,43531.024780273445,3856.5,59.8,3713.1,25.3,0.7,20218.3,15902.0,0.0,0.0005777179001210239
2024-05-01 10:15:00+00:00,2024-05-01 10:20:00+00:00,23609.3,20317.8,0.46316821300749994,wind,43867,2024-05-02 04:30:00+00:00,43642.119018554695,3844.2,60.1,3712.4,35.6,0.7,20257.0,15917.4,0.0,0.0008115439852280758
2024-05-01 10:20:00+00:00,2024-05-01 10:25:00+00:00,23704.1,20237.4,0.46118821357763046,wind,43881,2024-05-02 04:30:00+00:00,43753.213256835945,3858.2,60.5,3712.0,26.7,0.7,20176.2,15984.1,0.0,0.0006084637998222465
2024-05-01 10:25:00+00:00,2024-05-01 10:30:00+00:00,23775.7,20185.3,0.4597913487164301,wind,43901,2024-05-02 04:30:00+00:00,43864.307495117195,3863.0,60.0,3712.4,19.2,0.8,20124.5,16057.8,0.0,0.0004373476686180269
2024-05-01 10:30:00+00:00,2024-05-01 10:35:00+00:00,24212.600000000002,20172.0,0.45510333002436604,wind,44324,2024-05-02 04:30:00+00:00,43975.401733398445,3858.5,60.6,3713.7,126.3,0.6,20110.8,16401.4,0.0,0.0028494720693078243
2024-05-01 10:35:00+00:00,2024-05-01 10:40:00+00:00,24316.7,19970.1,0.4515363917968661,wind,44227,2024-05-02 04:30:00+00:00,44158.21157836915,3862.4,59.8,3713.7,20.5,0.7,19909.6,16617.6,0.0,0.00046351776064395054
2024-05-01 10:40:00+00:00,2024-05-01 10:45:00+00:00,24405.8,20022.1,0.4512734403173458,wind,44368,2024-05-02 04:30:00+00:00,44341.02142333985,3851.2,59.9,3712.5,21.8,0.7,19961.5,16698.9,0.0,0.0004913451135953841
2024-05-01 10:45:00+00:00,2024-05-01 10:50:00+00:00,24504.800000000003,19998.699999999997,0.44998537452467197,wind,44443,2024-05-02 04:30:00+00:00,44523.83126831055,3865.8,60.5,3714.2,22.2,0.6,19937.6,16779.4,0.0,0.000499516234277614
2024-05-01 10:50:00+00:00,2024-05-01 10:55:00+00:00,24863.4,19891.8,0.4450564940149905,wind,44695,2024-05-02 04:30:00+00:00,44706.64111328125,3890.1,60.2,3712.9,60.0,0.6,19831.0,17074.7,0.0,0.0013424320393780065
2024-05-01 10:55:00+00:00,2024-05-01 11:00:00+00:00,25144.7,19913.7,0.4425463353926841,wind,44998,2024-05-02 04:30:00+00:00,44889.45095825195,3893.0,60.4,3713.3,84.0,0.6,19852.7,17336.8,0.0,0.0018667496333170364
2024-05-01 11:00:00+00:00,2024-05-01 11:05:00+00:00,25768.3,19767.2,0.43468279274326554,wind,45475,2024-05-02 04:30:00+00:00,45072.260803222656,3893.5,60.5,3710.3,497.8,0.2,19706.5,17524.6,0.0,0.010946673996701484
2024-05-01 11:05:00+00:00,2024-05-01 11:10:00+00:00,26094.399999999998,19643.800000000003,0.43004947677218797,wind,45678,2024-05-02 04:30:00+00:00,45255.07064819336,3893.3,60.2,3713.4,202.5,0.2,19583.4,18146.4,0.0,0.004433206357546303
2024-05-01 11:10:00+00:00,2024-05-01 11:15:00+00:00,26459.600000000002,19582.5,0.4258731677612979,wind,45982,2024-05-02 04:30:00+00:00,45437.88049316406,3945.7,60.1,3716.3,206.3,0.3,19522.1,18456.5,0.0,0.0044865382106041496
2024-05-01 11:15:00+00:00,2024-05-01 11:20:00+00:00,26755.7,19361.8,0.4203877803591202,wind,46057,2024-05-02 04:30:00+00:00,45620.690338134766,3967.6,60.5,3712.2,246.4,0.2,19301.1,18657.2,0.0,0.005349892524480535
2024-05-01 11:20:00+00:00,2024-05-01 11:25:00+00:00,27088.3,19421.0,0.4181144911623501,wind,46449,2024-05-02 04:30:00+00:00,45803.50018310546,3981.3,60.3,3713.5,385.9,0.3,19360.4,18869.5,0.0,0.008308036771512841
2024-05-01 11:25:00+00:00,2024-05-01 11:30:00+00:00,27320.9,19418.5,0.41600077122474777,wind,46679,2024-05-02 04:30:00+00:00,45986.310028076165,3982.3,60.4,3712.7,189.7,0.5,19357.6,19280.7,0.0,0.004063925962424216
2024-05-01 11:30:00+00:00,2024-05-01 11:35:00+00:00,27533.0,19379.7,0.4136365576709639,natural_gas,46852,2024-05-02 04:30:00+00:00,46169.11987304687,4015.8,60.7,3714.3,333.3,0.5,19318.5,19342.8,0.0,0.007113890548962692
2024-05-01 11:35:00+00:00,2024-05-01 11:40:00+00:00,27669.100000000002,19306.8,0.41151845852161306,natural_gas,46916,2024-05-02 04:30:00+00:00,46285.71153767903,4012.1,59.9,3714.5,305.1,0.6,19246.3,19491.9,0.0,0.006503111944752324
2024-05-01 11:40:00+00:00,2024-05-01 11:45:00+00:00,27549.699999999997,19344.2,0.41303753683221595,natural_gas,46834,2024-05-02 04:30:00+00:00,46402.30320231119,4019.9,59.9,3713.2,185.3,4.4,19279.9,19496.8,0.0,0.003956527309219798
2024-05-01 11:45:00+00:00,2024-05-01 11:50:00+00:00,27494.7,19311.2,0.4131091430282805,natural_gas,46746,2024-05-02 04:30:00+00:00,46518.89486694335,4037.7,59.9,3712.4,320.1,16.3,19235.0,19287.3,0.0,0.006847644718264665
2024-05-01 11:50:00+00:00,2024-05-01 11:55:00+00:00,27616.0,19215.600000000002,0.41084432661264464,natural_gas,46771,2024-05-02 04:30:00+00:00,46635.486531575516,4073.8,60.6,3715.2,546.4,36.6,19118.4,19168.3,0.0,0.011682452801949926
2024-05-01 11:55:00+00:00,2024-05-01 12:00:00+00:00,27717.199999999997,19198.100000000002,0.4097342866289617,natural_gas,46855,2024-05-02 04:30:00+00:00,46752.07819620768,4073.7,60.3,3712.8,439.8,75.9,19061.9,19375.4,0.0,0.009386404866076193
2024-05-01 12:00:00+00:00,2024-05-01 12:05:00+00:00,28194.8,19174.9,0.4053118856877127,natural_gas,47309,2024-05-02 04:30:00+00:00,46868.669860839844,4091.3,60.7,3712.4,387.4,130.2,18984.0,19858.9,0.0,0.008188716734659367
2024-05-01 12:05:00+00:00,2024-05-01 12:10:00+00:00,28381.0,19046.5,0.40210484092300547,natural_gas,47367,2024-05-02 04:30:00+00:00,46985.261525472,4093.5,60.5,3713.8,345.9,197.6,18788.4,20094.7,0.0,0.00730255240990563
2024-05-01 12:10:00+00:00,2024-05-01 12:15:00+00:00,28390.600000000002,18984.3,0.4012321673887773,natural_gas,47315,2024-05-02 04:30:00+00:00,47101.853190104164,4099.2,59.9,3712.8,152.6,286.1,18638.3,20285.4,0.0,0.0032251928563880373
2024-05-01 12:15:00+00:00,2024-05-01 12:20:00+00:00,28409.5,19024.899999999998,0.40158947946130785,natural_gas,47374,2024-05-02 04:30:00+00:00,47218.44485473633,4105.3,60.4,3713.9,108.2,422.2,18542.3,20334.9,0.0,0.002283953223287035
2024-05-01 12:20:00+00:00,2024-05-01 12:25:00+00:00,28336.0,19019.399999999998,0.4021439898509356,natural_gas,47295,2024-05-02 04:30:00+00:00,47335.036519368485,4108.6,60.4,3712.8,121.8,614.9,18344.1,20249.7,0.0,0.002575325087218522
2024-05-01 12:25:00+00:00,2024-05-01 12:30:00+00:00,28314.7,19075.5,0.403031903655187,natural_gas,47330,2024-05-02 04:30:00+00:00,47451.62818400065,4130.5,60.2,3712.1,222.3,842.0,18173.3,20064.1,0.0,0.004696809634481301
2024-05-01 12:30:00+00:00,2024-05-01 12:35:00+00:00,28229.3,19170.7,0.4049577524292353,natural_gas,47340,2024-05-02 04:30:00+00:00,47568.21984863281,4174.4,60.0,3713.0,254.3,1117.5,17993.2,19930.9,0.0,0.0053717786227291935
2024-05-01 12:35:00+00:00,2024-05-01 12:40:00+00:00,28056.600000000002,19321.6,0.40833509446722177,natural_gas,47318,2024-05-02 04:30:00+00:00,47614.263483683266,4208.0,60.2,3712.3,264.1,1387.6,17873.8,19725.6,0.0,0.005581385519252716
2024-05-01 12:40:00+00:00,2024-05-01 12:45:00+00:00,27867.2,19486.9,0.41203746775489497,natural_gas,47294,2024-05-02 04:30:00+00:00,47660.30711873373,4208.0,60.1,3711.3,260.8,1673.3,17753.5,19547.2,0.0,0.005514441578212881
2024-05-01 12:45:00+00:00,2024-05-01 12:50:00+00:00,27792.300000000003,19577.0,0.4138113255405948,natural_gas,47309,2024-05-02 04:30:00+00:00,47706.35075378418,4273.6,60.3,3712.1,194.5,1918.6,17598.1,19485.2,0.0,0.0041112684690016695
2024-05-01 12:50:00+00:00,2024-05-01 12:55:00+00:00,27718.5,19721.7,0.4162452511608274,natural_gas,47380,2024-05-02 04:30:00+00:00,47752.39438883464,4359.7,60.2,3711.7,146.1,2236.0,17425.5,19355.2,0.0,0.0030835795694385817
2024-05-01 12:55:00+00:00,2024-05-01 13:00:00+00:00,27702.399999999998,19937.9,0.4190395124001682,natural_gas,47580,2024-05-02 04:30:00+00:00,47798.43802388509,4436.1,60.3,3713.8,67.7,2631.2,17246.4,19394.8,0.0,0.0014228667507356033
2024-05-01 13:00:00+00:00,2024-05-01 13:05:00+00:00,27646.0,20322.300000000003,0.4241942890540203,natural_gas,47908,2024-05-02 04:30:00+00:00,47844.48165893555,4388.7,60.3,3711.9,46.4,3078.1,17183.9,19442.0,0.0,0.0009685230024213075
2024-05-01 13:05:00+00:00,2024-05-01 13:10:00+00:00,27625.600000000002,20598.6,0.42767627273482267,natural_gas,48164,2024-05-02 04:30:00+00:00,47890.52529398601,4392.1,60.2,3713.4,33.4,3473.8,17064.6,19521.9,0.0,0.0006934639980068101
2024-05-01 13:10:00+00:00,2024-05-01 13:15:00+00:00,27191.8,20969.5,0.4359472776033762,natural_gas,48101,2024-05-02 04:30:00+00:00,47936.56892903646,4431.3,60.3,3712.7,88.8,3831.4,17077.8,19105.2,0.0,0.0018461154653749401
2024-05-01 13:15:00+00:00,2024-05-01 13:20:00+00:00,26905.9,21377.199999999997,0.4432988408021068,natural_gas,48223,2024-05-02 04:30:00+00:00,47982.61256408692,4475.1,60.1,3713.1,99.3,4220.5,17096.6,18790.5,0.0,0.0020591833772266345
2024-05-01 13:20:00+00:00,2024-05-01 13:25:00+00:00,26654.0,21641.3,0.4486638333160568,natural_gas,48235,2024-05-02 04:30:00+00:00,48028.656199137375,4529.1,60.3,3712.8,102.7,4565.2,17015.8,18495.3,0.0,0.0021291593241422203
2024-05-01 13:25:00+00:00,2024-05-01 13:30:00+00:00,26347.1,21987.2,0.45546671085884743,natural_gas,48274,2024-05-02 04:30:00+00:00,48074.699834187835,4542.2,60.3,3713.6,53.5,5007.0,16919.9,18253.0,0.0,0.001108257032771264
2024-05-01 13:30:00+00:00,2024-05-01 13:35:00+00:00,26255.4,22296.899999999998,0.45980574115317985,natural_gas,48492,2024-05-02 04:30:00+00:00,48120.74346923829,4531.7,60.3,3712.6,9.8,5292.0,16944.6,18178.1,0.0,0.0002020951909593335
2024-05-01 13:35:00+00:00,2024-05-01 13:40:00+00:00,26075.1,22563.300000000003,0.4644756885833094,natural_gas,48578,2024-05-02 04:30:00+00:00,48247.236455281585,4536.6,60.4,3714.0,31.9,5408.0,17094.9,17988.1,0.0,0.000656675861501091
2024-05-01 13:40:00+00:00,2024-05-01 13:45:00+00:00,25887.3,22795.2,0.4688248118135823,natural_gas,48622,2024-05-02 04:30:00+00:00,48373.729441324875,4517.7,60.5,3712.5,60.8,5543.7,17191.0,17797.4,0.0,0.0012504627534860762
2024-05-01 13:45:00+00:00,2024-05-01 13:50:00+00:00,25898.4,22955.699999999997,0.47046153215559283,natural_gas,48794,2024-05-02 04:30:00+00:00,48500.22242736817,4528.0,60.1,3713.6,16.0,5644.0,17251.6,17832.1,0.0,0.00032790916916014263
2024-05-01 13:50:00+00:00,2024-05-01 13:55:00+00:00,25760.1,23295.1,0.4754587202775793,natural_gas,48995,2024-05-02 04:30:00+00:00,48626.71541341146,4541.8,60.2,3713.4,27.9,5723.1,17511.8,17662.0,0.0,0.000569445861822635
2024-05-01 13:55:00+00:00,2024-05-01 14:00:00+00:00,25458.6,23633.5,0.4820015500081579,wind,49032,2024-05-02 04:30:00+00:00,48753.20839945476,4559.4,60.1,3713.7,26.6,5831.2,17742.2,17331.0,0.0,0.0005425028552781857
2024-05-01 14:00:00+00:00,2024-05-01 14:05:00+00:00,25386.3,23991.2,0.4864691688464424,wind,49317,2024-05-02 04:30:00+00:00,48879.70138549805,4583.3,60.5,3713.3,53.6,5971.0,17959.7,17240.6,0.0,0.0010868463207413265
2024-05-01 14:05:00+00:00,2024-05-01 14:10:00+00:00,25296.0,24320.5,0.4907680200177577,wind,49556,2024-05-02 04:30:00+00:00,49006.19437154134,4566.8,60.5,3712.0,110.0,6281.6,17978.4,17080.8,0.0,0.002219711033981758
2024-05-01 14:10:00+00:00,2024-05-01 14:15:00+00:00,25091.0,24800.899999999998,0.49769023920372446,wind,49832,2024-05-02 04:30:00+00:00,49132.68735758464,4583.2,59.9,3712.8,27.0,6627.4,18113.6,16952.4,0.0,0.000541820516936908
2024-05-01 14:15:00+00:00,2024-05-01 14:20:00+00:00,24895.1,25161.9,0.5032681960917655,wind,49997,2024-05-02 04:30:00+00:00,49259.18034362793,4572.0,60.0,3715.5,0.2,6692.1,18409.8,16789.4,0.0,4.000240014400864e-06
2024-05-01 14:20:00+00:00,2024-05-01 14:25:00+00:00,24564.5,25458.0,0.509547255914495,wind,49962,2024-05-02 04:30:00+00:00,49385.67332967123,4571.2,60.5,3713.3,36.5,7023.3,18374.2,16396.9,0.0,0.0007305552219686962
2024-05-01 14:25:00+00:00,2024-05-01 14:30:00+00:00,24345.300000000003,25576.899999999998,0.5129537523565039,wind,49862,2024-05-02 04:30:00+00:00,49512.166315714516,4492.3,60.2,3713.2,14.2,7117.4,18399.3,16339.5,0.0,0.00028478600938590506
2024-05-01 14:30:00+00:00,2024-05-01 14:35:00+00:00,24390.9,25694.899999999998,0.5136309119257986,wind,50026,2024-05-02 04:30:00+00:00,49638.65930175781,4441.8,59.8,3712.8,6.9,7216.5,18418.6,16419.2,0.0,0.0001379282772958062
2024-05-01 14:35:00+00:00,2024-05-01 14:40:00+00:00,23989.8,26278.2,0.5233867112810707,wind,50208,2024-05-02 04:30:00+00:00,49795.64269002279,4436.6,60.0,3713.5,25.9,7498.0,18720.2,16002.3,0.0,0.0005158540471637985
2024-05-01 14:40:00+00:00,2024-05-01 14:45:00+00:00,24213.800000000003,26020.0,0.5186056245390948,wind,50173,2024-05-02 04:30:00+00:00,49952.62607828776,4467.5,60.8,3713.1,169.6,7204.1,18755.1,16024.2,0.0,0.003380304147649134
2024-05-01 14:45:00+00:00,2024-05-01 14:50:00+00:00,24495.0,25794.600000000002,0.5135399868601804,wind,50229,2024-05-02 04:30:00+00:00,50109.609466552734,4445.3,60.6,3713.1,364.6,7133.3,18600.7,16158.8,0.0,0.007258754902546338
2024-05-01 14:50:00+00:00,2024-05-01 14:55:00+00:00,24336.7,26235.9,0.5196153769978809,wind,50491,2024-05-02 04:30:00+00:00,50266.59285481771,4392.9,81.6,3714.6,127.6,7375.8,18778.5,16278.3,0.0,0.0025271830623279394
2024-05-01 14:55:00+00:00,2024-05-01 15:00:00+00:00,24326.4,26529.6,0.5225036435971167,wind,50774,2024-05-02 04:30:00+00:00,50423.57624308268,4317.9,82.0,3714.2,68.1,7416.8,19030.8,16372.1,0.0,0.0013412376413124826
2024-05-01 15:00:00+00:00,2024-05-01 15:05:00+00:00,24053.0,26819.100000000002,0.5280389840519788,wind,50790,2024-05-02 04:30:00+00:00,50580.559631347656,4306.9,82.1,3714.9,77.4,7591.1,19145.9,16106.8,0.0,0.0015239220318960427
2024-05-01 15:05:00+00:00,2024-05-01 15:10:00+00:00,24090.300000000003,26877.8,0.5281963604920803,wind,50886,2024-05-02 04:30:00+00:00,50737.54301961263,4310.9,82.1,3712.4,222.7,7681.1,19114.6,15996.5,0.0,0.004376449318083559
2024-05-01 15:10:00+00:00,2024-05-01 15:15:00+00:00,24592.2,26392.1,0.5184884680366194,wind,50902,2024-05-02 04:30:00+00:00,50894.5264078776,4313.7,82.3,3712.8,358.4,7351.5,18958.3,16362.6,0.0,0.0070409807080271895
2024-05-01 15:15:00+00:00,2024-05-01 15:20:00+00:00,24864.2,26400.9,0.5158037668021257,wind,51184,2024-05-02 04:30:00+00:00,51051.50979614258,4227.6,81.1,3713.4,152.6,7698.3,18621.5,16921.8,0.0,0.0029814004376367614
2024-05-01 15:20:00+00:00,2024-05-01 15:25:00+00:00,25087.500000000004,26688.600000000002,0.5162704323435536,wind,51695,2024-05-02 04:30:00+00:00,51208.493184407555,4160.1,81.1,3715.0,79.2,7798.8,18808.7,17274.6,0.0,0.0015320630621917014
2024-05-01 15:25:00+00:00,2024-05-01 15:30:00+00:00,24894.600000000002,27042.1,0.5214945521164787,wind,51855,2024-05-02 04:30:00+00:00,51365.47657267252,4156.4,81.7,3712.7,66.4,7897.7,19062.7,17105.0,0.0,0.001280493684312024
2024-05-01 15:30:00+00:00,2024-05-01 15:35:00+00:00,24661.0,27265.0,0.5259046369878867,wind,51844,2024-05-02 04:30:00+00:00,51522.4599609375,4195.9,82.0,3712.8,55.2,7996.7,19186.3,16827.7,0.0,0.0010647326595170127
2024-05-01 15:35:00+00:00,2024-05-01 15:40:00+00:00,24865.7,27204.3,0.5232803723936292,wind,51988,2024-05-02 04:30:00+00:00,51670.86078898112,4230.3,82.0,3713.7,205.6,8034.7,19087.6,16851.9,0.0,0.003954758790490113
2024-05-01 15:40:00+00:00,2024-05-01 15:45:00+00:00,24788.0,27483.2,0.526609055548104,wind,52189,2024-05-02 04:30:00+00:00,51819.26161702474,4285.4,82.2,3712.9,112.4,8314.5,19086.5,16812.3,0.0,0.0021537105520320374
2024-05-01 15:45:00+00:00,2024-05-01 15:50:00+00:00,24921.899999999998,27337.100000000002,0.5239200429299705,wind,52178,2024-05-02 04:30:00+00:00,51967.66244506836,4306.1,81.0,3713.1,230.5,8428.7,18827.4,16790.4,0.0,0.004417570623634482
2024-05-01 15:50:00+00:00,2024-05-01 15:55:00+00:00,24829.0,27712.5,0.5282596263820053,wind,52460,2024-05-02 04:30:00+00:00,52116.06327311198,4375.4,81.5,3713.4,201.1,8595.6,19035.4,16689.8,0.0,0.003833396873808616
2024-05-01 15:55:00+00:00,2024-05-01 16:00:00+00:00,24680.500000000004,28042.5,0.5327121445261298,wind,52641,2024-05-02 04:30:00+00:00,52264.4641011556,4384.4,82.0,3712.8,53.2,8816.8,19143.7,16693.3,0.0,0.0010106190991812467
2024-05-01 16:00:00+00:00,2024-05-01 16:05:00+00:00,24814.399999999998,28189.800000000003,0.5326669438040891,wind,52922,2024-05-02 04:30:00+00:00,52412.86492919922,4399.8,82.2,3713.3,273.8,8927.2,19180.4,16579.2,0.0,0.005173651789425948
2024-05-01 16:05:00+00:00,2024-05-01 16:10:00+00:00,24720.899999999998,28458.700000000004,0.5359655730912652,wind,53098,2024-05-02 04:30:00+00:00,52561.265757242836,4380.3,81.6,3709.0,111.8,9122.2,19254.9,16677.1,0.0,0.002105540698331387
2024-05-01 16:10:00+00:00,2024-05-01 16:15:00+00:00,24741.399999999998,28539.1,0.5364593319423298,wind,53199,2024-05-02 04:30:00+00:00,52709.66658528646,4413.2,81.5,3714.2,182.6,9204.3,19253.3,16597.1,0.0,0.003432395345777176
2024-05-01 16:15:00+00:00,2024-05-01 16:20:00+00:00,24620.700000000004,28833.2,0.5402207108463081,wind,53373,2024-05-02 04:30:00+00:00,52858.06741333008,4375.8,80.9,3713.8,19.1,9490.1,19262.2,16679.8,0.0,0.00035785884248590115
2024-05-01 16:20:00+00:00,2024-05-01 16:25:00+00:00,24663.6,28864.6,0.540070351382704,wind,53446,2024-05-02 04:30:00+00:00,53006.468241373695,4383.0,82.2,3712.9,14.6,9546.6,19235.8,16719.1,0.0,0.0002731729222018486
2024-05-01 16:25:00+00:00,2024-05-01 16:30:00+00:00,24865.4,28657.5,0.5362556137724551,wind,53440,2024-05-02 04:30:00+00:00,53154.86906941732,4386.4,82.9,3713.1,126.2,9370.5,19204.1,16810.2,0.0,0.0023615269461077846
2024-05-01 16:30:00+00:00,2024-05-01 16:35:00+00:00,25221.9,28472.2,0.5310788629411326,wind,53612,2024-05-02 04:30:00+00:00,53303.26989746094,4420.5,82.1,3712.6,65.3,9370.9,19019.2,17196.2,0.0,0.001218010893083638
2024-05-01 16:35:00+00:00,2024-05-01 16:40:00+00:00,25363.700000000004,28514.7,0.530052420254294,wind,53796,2024-05-02 04:30:00+00:00,53483.82074991862,4401.1,82.4,3715.1,22.0,9490.6,18941.7,17371.3,0.0,0.0004089523384638263
2024-05-01 16:40:00+00:00,2024-05-01 16:45:00+00:00,25547.500000000004,28437.7,0.5275717492532883,wind,53903,2024-05-02 04:30:00+00:00,53664.371602376305,4451.1,82.2,3712.7,27.6,9365.3,18990.2,17489.3,0.0,0.000512030870266961
2024-05-01 16:45:00+00:00,2024-05-01 16:50:00+00:00,25473.1,28809.0,0.5315313653136531,wind,54200,2024-05-02 04:30:00+00:00,53844.922454833984,4413.7,82.1,3712.8,9.7,9700.6,19026.3,17384.7,0.0,0.00017896678966789666
2024-05-01 16:50:00+00:00,2024-05-01 16:55:00+00:00,25538.6,28828.3,0.5310644020337484,wind,54284,2024-05-02 04:30:00+00:00,54025.47330729167,4399.9,82.9,3712.5,62.9,9832.4,18913.0,17420.5,0.0,0.0011587208017095276
2024-05-01 16:55:00+00:00,2024-05-01 17:00:00+00:00,25478.899999999998,29210.9,0.5349197919718722,wind,54608,2024-05-02 04:30:00+00:00,54206.02415974935,4379.9,81.8,3712.9,11.8,10553.7,18575.4,17370.4,0.0,0.00021608555523000295
2024-05-01 17:00:00+00:00,2024-05-01 17:05:00+00:00,25556.3,29153.1,0.5336756548959306,wind,54627,2024-05-02 04:30:00+00:00,54386.57501220703,4387.2,82.4,3712.5,25.4,10452.3,18618.4,17401.7,0.0,0.00046497153422300324
2024-05-01 17:05:00+00:00,2024-05-01 17:10:00+00:00,25528.100000000002,29198.4,0.5343386282116975,wind,54644,2024-05-02 04:30:00+00:00,54567.12586466472,4407.8,82.5,3714.2,74.4,10189.7,18926.2,17257.7,0.0,0.0013615401507942318
2024-05-01 17:10:00+00:00,2024-05-01 17:15:00+00:00,25330.6,29492.5,0.5387643630916498,wind,54741,2024-05-02 04:30:00+00:00,54747.6767171224,4400.6,82.1,3712.5,70.7,10438.4,18972.0,17064.8,0.0,0.0012915365082844668
2024-05-01 17:15:00+00:00,2024-05-01 17:20:00+00:00,25444.7,29612.9,0.5386612096407458,wind,54975,2024-05-02 04:30:00+00:00,54928.227569580085,4428.3,82.6,3711.8,31.7,10434.3,19096.0,17219.4,0.0,0.0005766257389722601
2024-05-01 17:20:00+00:00,2024-05-01 17:25:00+00:00,25518.6,29507.7,0.5369722667054885,wind,54952,2024-05-02 04:30:00+00:00,55108.778422037765,4412.5,74.3,3711.1,72.7,10393.5,19039.9,17251.1,0.0,0.001322972776241083
2024-05-01 17:25:00+00:00,2024-05-01 17:30:00+00:00,25625.700000000004,29469.9,0.5354658768805873,wind,55036,2024-05-02 04:30:00+00:00,55289.32927449545,4510.2,59.6,3712.3,43.2,10594.1,18816.2,17353.8,0.0,0.000784940766044044
2024-05-01 17:30:00+00:00,2024-05-01 17:35:00+00:00,25376.399999999998,30066.399999999998,0.5428813895960855,wind,55383,2024-05-02 04:30:00+00:00,55469.88012695313,4476.7,59.8,3709.8,10.4,10984.3,19022.3,17149.0,0.0,0.0001877832547893758
2024-05-01 17:35:00+00:00,2024-05-01 17:40:00+00:00,25344.1,30085.0,0.5433545846954072,wind,55369,2024-05-02 04:30:00+00:00,55537.496795654304,4447.3,60.1,3711.4,16.0,10827.5,19197.4,17160.3,0.0,0.0002889703624771984
2024-05-01 17:40:00+00:00,2024-05-01 17:45:00+00:00,25640.2,29764.5,0.5378089765828274,wind,55344,2024-05-02 04:30:00+00:00,55605.113464355476,4465.9,60.7,3711.2,243.1,10610.8,19093.0,17182.3,0.0,0.0043925267418329
2024-05-01 17:45:00+00:00,2024-05-01 17:50:00+00:00,25805.5,29896.600000000002,0.5373027569102476,wind,55642,2024-05-02 04:30:00+00:00,55672.73013305664,4436.3,60.1,3713.1,255.7,10636.1,19200.4,17348.2,0.0,0.004595449480608174
2024-05-01 17:50:00+00:00,2024-05-01 17:55:00+00:00,26281.5,29427.100000000002,0.5287983611565348,wind,55649,2024-05-02 04:30:00+00:00,55740.34680175781,4517.7,59.6,3713.1,128.9,10463.1,18904.4,17881.8,0.0,0.002316303976711172
2024-05-01 17:55:00+00:00,2024-05-01 18:00:00+00:00,26736.300000000003,29435.3,0.5245811947533504,wind,56112,2024-05-02 04:30:00+00:00,55807.963470458984,4635.8,59.6,3711.4,20.1,10822.6,18553.1,18324.4,0.0,0.00035821214713430285
2024-05-01 18:00:00+00:00,2024-05-01 18:05:00+00:00,26180.699999999997,30175.0,0.5360061105584766,wind,56296,2024-05-02 04:30:00+00:00,55875.580139160156,4555.3,59.7,3712.1,2.9,10829.0,19286.3,17864.1,0.0,5.151342901804746e-05
2024-05-01 18:05:00+00:00,2024-05-01 18:10:00+00:00,26038.100000000002,30262.799999999996,0.5380914279618071,wind,56241,2024-05-02 04:30:00+00:00,55943.19680786133,4567.7,59.9,3713.1,9.4,10690.8,19512.1,17676.2,0.0,0.00016713785316761794
2024-05-01 18:10:00+00:00,2024-05-01 18:15:00+00:00,26637.8,29680.0,0.527578790194998,wind,56257,2024-05-02 04:30:00+00:00,56010.8134765625,4548.3,60.8,3712.2,192.2,10080.8,19538.4,18142.7,0.0,0.003416463728958174
2024-05-01 18:15:00+00:00,2024-05-01 18:20:00+00:00,26731.399999999998,29772.300000000003,0.5274661611508753,wind,56444,2024-05-02 04:30:00+00:00,56078.43014526367,4586.8,59.7,3710.6,74.7,10270.7,19441.9,18312.1,0.0,0.0013234356176032884
2024-05-01 18:20:00+00:00,2024-05-01 18:25:00+00:00,26471.299999999996,30145.5,0.5330109447106459,wind,56557,2024-05-02 04:30:00+00:00,56146.04681396484,4506.3,59.8,3712.8,9.3,10521.4,19564.3,18212.5,0.0,0.00016443587884788799
2024-05-01 18:25:00+00:00,2024-05-01 18:30:00+00:00,26591.1,30138.699999999997,0.5318281277571907,wind,56670,2024-05-02 04:30:00+00:00,56213.66348266601,4457.1,59.8,3711.2,10.2,10565.1,19513.8,18368.1,0.0,0.0001799894123875066
2024-05-01 18:30:00+00:00,2024-05-01 18:35:00+00:00,26598.0,29871.699999999997,0.5295555673740006,wind,56409,2024-05-02 04:30:00+00:00,56281.28015136718,4527.5,60.7,3711.8,182.3,10319.9,19491.1,18126.4,0.0,0.0032317537981527773
2024-05-01 18:35:00+00:00,2024-05-01 18:40:00+00:00,26866.999999999996,29822.6,0.5266312313478959,wind,56629,2024-05-02 04:30:00+00:00,56373.48450724283,4403.2,60.6,3710.8,467.0,10162.2,19599.8,18228.4,0.0,0.008246658072718925
2024-05-01 18:40:00+00:00,2024-05-01 18:45:00+00:00,26930.8,29906.7,0.52673042375568,wind,56778,2024-05-02 04:30:00+00:00,56465.688863118485,4363.6,59.5,3711.7,65.9,10531.8,19315.4,18721.2,0.0,0.0011606608193314313
2024-05-01 18:45:00+00:00,2024-05-01 18:50:00+00:00,26689.8,30267.2,0.5319647784593212,wind,56897,2024-05-02 04:30:00+00:00,56557.89321899413,4329.7,60.0,3712.7,9.7,10424.3,19782.9,18602.6,0.0,0.00017048350528147354
2024-05-01 18:50:00+00:00,2024-05-01 18:55:00+00:00,27079.600000000002,29860.899999999998,0.5249806610407876,wind,56880,2024-05-02 04:30:00+00:00,56650.09757486979,4347.2,60.5,3712.2,127.0,10048.3,19752.1,18849.0,0.0,0.002232770745428973
2024-05-01 18:55:00+00:00,2024-05-01 19:00:00+00:00,27311.100000000002,29691.300000000003,0.521430578483369,wind,56942,2024-05-02 04:30:00+00:00,56742.30193074544,4342.9,60.4,3709.7,409.4,9674.2,19956.7,18771.9,0.0,0.00718977204875136
2024-05-01 19:00:00+00:00,2024-05-01 19:05:00+00:00,27453.3,29630.300000000003,0.5196110409652077,wind,57024,2024-05-02 04:30:00+00:00,56834.506286621094,4452.4,59.6,3711.7,76.6,9767.3,19803.4,19191.2,0.0,0.001343294051627385
2024-05-01 19:05:00+00:00,2024-05-01 19:10:00+00:00,27087.6,30299.0,0.5285293142847175,wind,57327,2024-05-02 04:30:00+00:00,56926.71064249674,4421.7,59.6,3712.1,65.0,10073.9,20165.5,18853.7,0.0,0.0011338461806827498
2024-05-01 19:10:00+00:00,2024-05-01 19:15:00+00:00,27195.0,30159.5,0.5263897373243739,wind,57295,2024-05-02 04:30:00+00:00,57018.91499837239,4322.4,59.5,3712.7,88.4,10072.5,20027.5,19044.5,0.0,0.0015428920499170958
2024-05-01 19:15:00+00:00,2024-05-01 19:20:00+00:00,27167.600000000002,30291.100000000002,0.5277287060750188,wind,57399,2024-05-02 04:30:00+00:00,57111.11935424805,4292.7,59.7,3710.7,298.9,9777.7,20453.7,18844.3,0.0,0.0052074077945608805
2024-05-01 19:20:00+00:00,2024-05-01 19:25:00+00:00,27332.799999999996,30127.8,0.5248654204630582,wind,57401,2024-05-02 04:30:00+00:00,57203.323710123695,4270.7,59.6,3710.6,167.0,9755.9,20312.3,19127.0,0.0,0.0029093569798435566
2024-05-01 19:25:00+00:00,2024-05-01 19:30:00+00:00,27684.100000000002,29584.7,0.5171427073136624,wind,57208,2024-05-02 04:30:00+00:00,57295.52806599935,4332.1,60.8,3710.1,250.4,9227.2,20296.7,19343.1,0.0,0.004377010208362467
2024-05-01 19:30:00+00:00,2024-05-01 19:35:00+00:00,27531.300000000003,29829.6,0.5205773023158409,wind,57301,2024-05-02 04:30:00+00:00,57387.732421875,4287.1,59.9,3712.5,154.6,8991.1,20778.6,19328.8,0.0,0.0026980331931379907
2024-05-01 19:35:00+00:00,2024-05-01 19:40:00+00:00,27646.300000000003,29875.300000000003,0.5199140301416589,wind,57462,2024-05-02 04:30:00+00:00,57515.136850992836,4298.0,59.6,3710.8,58.7,9222.5,20593.2,19546.4,0.0,0.0010215446730012878
2024-05-01 19:40:00+00:00,2024-05-01 19:45:00+00:00,27223.699999999997,30214.1,0.5265798738192339,wind,57378,2024-05-02 04:30:00+00:00,57642.54128011068,4312.2,59.8,3710.7,49.3,9344.0,20810.3,19127.2,0.0,0.0008592143330196242
2024-05-01 19:45:00+00:00,2024-05-01 19:50:00+00:00,27365.2,30089.0,0.524253406279402,wind,57394,2024-05-02 04:30:00+00:00,57769.945709228516,4350.0,60.2,3711.9,115.9,9225.2,20803.6,19156.2,0.0,0.00201937484754504
2024-05-01 19:50:00+00:00,2024-05-01 19:55:00+00:00,27357.1,30218.9,0.5253998887266152,wind,57516,2024-05-02 04:30:00+00:00,57897.35013834635,4335.1,60.0,3710.9,208.0,9058.5,21100.4,19074.6,0.0,0.0036163850059113987
2024-05-01 19:55:00+00:00,2024-05-01 20:00:00+00:00,27428.300000000003,30187.5,0.5244891931336437,wind,57556,2024-05-02 04:30:00+00:00,58024.754567464195,4338.4,59.8,3710.4,201.4,9063.1,21064.6,19121.9,0.0,0.003499200778372368
2024-05-01 20:00:00+00:00,2024-05-01 20:05:00+00:00,27589.800000000003,30229.2,0.5233677868384148,wind,57759,2024-05-02 04:30:00+00:00,58152.15899658203,4332.7,60.0,3713.6,131.8,8929.5,21239.7,19373.6,0.0,0.0022818954621790545
2024-05-01 20:05:00+00:00,2024-05-01 20:10:00+00:00,27827.200000000004,29852.300000000003,0.5180981967753693,wind,57619,2024-05-02 04:30:00+00:00,58279.56342569987,4361.5,60.5,3709.9,163.7,8687.6,21104.2,19627.6,0.0,0.002841076728162585
2024-05-01 20:10:00+00:00,2024-05-01 20:15:00+00:00,27831.799999999996,29801.5,0.5176297917426571,wind,57573,2024-05-02 04:30:00+00:00,58406.96785481771,4408.0,60.3,3710.4,260.6,8343.9,21397.3,19607.2,0.0,0.004526427318361038
2024-05-01 20:15:00+00:00,2024-05-01 20:20:00+00:00,27886.9,29987.0,0.5186805963953368,wind,57814,2024-05-02 04:30:00+00:00,58534.37228393555,4488.2,59.9,3712.2,216.9,8804.1,21123.0,19646.4,0.0,0.003751686442730135
2024-05-01 20:20:00+00:00,2024-05-01 20:25:00+00:00,27688.6,30315.0,0.5231775507386442,wind,57944,2024-05-02 04:30:00+00:00,58661.77671305338,4461.9,59.6,3709.0,138.5,8958.5,21296.9,19551.3,0.0,0.002390238851304708
2024-05-01 20:25:00+00:00,2024-05-01 20:30:00+00:00,27732.199999999997,30274.199999999997,0.5224553895005695,wind,57946,2024-05-02 04:30:00+00:00,58789.18114217123,4431.7,60.4,3710.9,127.8,8626.5,21587.3,19617.9,0.0,0.002205501673972319
2024-05-01 20:30:00+00:00,2024-05-01 20:35:00+00:00,27926.5,30143.9,0.5196328219272539,wind,58010,2024-05-02 04:30:00+00:00,58916.58557128906,4403.1,60.4,3709.7,197.6,8416.1,21667.4,19771.6,0.0,0.003406309257024651
2024-05-01 20:35:00+00:00,2024-05-01 20:40:00+00:00,28106.0,30116.700000000004,0.5177982566236268,wind,58163,2024-05-02 04:30:00+00:00,59004.59201049805,4363.1,59.7,3711.0,130.6,8396.6,21660.4,20035.4,0.0,0.002245413751010092
2024-05-01 20:40:00+00:00,2024-05-01 20:45:00+00:00,28271.399999999998,30086.8,0.5160863151394559,wind,58298,2024-05-02 04:30:00+00:00,59092.59844970703,4366.2,60.2,3710.4,122.7,8213.8,21812.8,20115.6,0.0,0.0021047034203574735
2024-05-01 20:45:00+00:00,2024-05-01 20:50:00+00:00,28295.7,30002.0,0.5151619217692915,wind,58238,2024-05-02 04:30:00+00:00,59180.604888916016,4423.5,59.7,3710.6,92.6,8152.2,21790.1,20140.7,0.0,0.0015900271300525429
2024-05-01 20:50:00+00:00,2024-05-01 20:55:00+00:00,28418.799999999996,29868.3,0.5129630583749807,wind,58227,2024-05-02 04:30:00+00:00,59268.611328125,4383.0,60.1,3709.4,27.4,7721.4,22086.8,20268.9,0.0,0.0004705720713758222
2024-05-01 20:55:00+00:00,2024-05-01 21:00:00+00:00,28518.7,29746.5,0.5110643415514131,wind,58205,2024-05-02 04:30:00+00:00,59356.617767333984,4370.7,60.2,3711.1,158.9,7581.2,22105.1,20232.5,0.0,0.002730006013229104
2024-05-01 21:00:00+00:00,2024-05-01 21:05:00+00:00,28313.699999999997,29922.0,0.5145834766458004,wind,58148,2024-05-02 04:30:00+00:00,59444.62420654297,4361.5,87.7,3710.7,134.3,7510.0,22324.3,20026.4,0.0,0.002309623718786545
2024-05-01 21:05:00+00:00,2024-05-01 21:10:00+00:00,28167.299999999996,30229.399999999998,0.5184345469824555,wind,58309,2024-05-02 04:30:00+00:00,59532.63064575196,4340.4,87.7,3711.0,55.2,7677.9,22463.8,19998.6,0.0,0.0009466806153424001
2024-05-01 21:10:00+00:00,2024-05-01 21:15:00+00:00,28593.9,29911.8,0.5120393036273687,wind,58417,2024-05-02 04:30:00+00:00,59620.637084960945,4354.1,88.7,3709.3,58.2,7292.5,22530.6,20391.8,0.0,0.0009962853279011246
2024-05-01 21:15:00+00:00,2024-05-01 21:20:00+00:00,28863.299999999996,29755.1,0.508364798141156,wind,58531,2024-05-02 04:30:00+00:00,59708.64352416993,4327.7,87.4,3710.5,20.5,7113.4,22554.3,20757.5,0.0,0.00035024175223385897
2024-05-01 21:20:00+00:00,2024-05-01 21:25:00+00:00,28686.2,30201.7,0.5136343537414966,wind,58800,2024-05-02 04:30:00+00:00,59796.64996337891,4315.6,87.9,3710.8,15.6,7256.3,22857.5,20576.6,0.0,0.0002653061224489796
2024-05-01 21:25:00+00:00,2024-05-01 21:30:00+00:00,28708.9,30570.6,0.5164650628463305,wind,59192,2024-05-02 04:30:00+00:00,59884.6564025879,4320.3,87.5,3710.5,11.1,7460.0,23023.1,20609.0,0.0,0.00018752534126233273
2024-05-01 21:30:00+00:00,2024-05-01 21:35:00+00:00,28680.300000000003,30344.5,0.5148720646124609,wind,58936,2024-05-02 04:30:00+00:00,59972.66284179688,4085.4,88.8,3710.1,97.3,7067.5,23188.2,20732.6,0.0,0.001650943396226415
2024-05-01 21:35:00+00:00,2024-05-01 21:40:00+00:00,28777.800000000003,30220.9,0.5129924801819694,wind,58911,2024-05-02 04:30:00+00:00,59967.98781331381,4063.3,87.7,3710.4,54.8,7051.0,23082.2,20905.3,0.0,0.0009302167676664798
2024-05-01 21:40:00+00:00,2024-05-01 21:45:00+00:00,28842.1,30235.4,0.5125512798779455,wind,58990,2024-05-02 04:30:00+00:00,59963.312784830734,4097.6,87.5,3709.3,8.3,7007.5,23140.4,20964.9,0.0,0.0001407018138667571
2024-05-01 21:45:00+00:00,2024-05-01 21:50:00+00:00,28863.2,30153.9,0.5116901408450705,wind,58930,2024-05-02 04:30:00+00:00,59958.63775634766,4149.5,87.1,3711.5,9.2,6836.3,23230.5,20914.1,0.0,0.00015611742745630407
2024-05-01 21:50:00+00:00,2024-05-01 21:55:00+00:00,29056.9,29675.3,0.5060244867335106,wind,58644,2024-05-02 04:30:00+00:00,59953.96272786459,4193.7,88.2,3709.3,32.0,6276.9,23310.2,21023.0,0.0,0.0005456653707114112
2024-05-01 21:55:00+00:00,2024-05-01 22:00:00+00:00,29119.800000000003,29446.800000000003,0.5035534731009953,wind,58478,2024-05-02 04:30:00+00:00,59949.287699381515,4154.5,88.6,3709.4,86.2,5739.0,23619.2,21124.1,0.0,0.0014740586203358529
2024-05-01 22:00:00+00:00,2024-05-01 22:05:00+00:00,29232.0,29312.5,0.5015999863102776,wind,58438,2024-05-02 04:30:00+00:00,59944.612670898445,4157.4,106.5,3708.1,67.2,5515.4,23690.6,21232.2,0.0,0.001149936685033711
2024-05-01 22:05:00+00:00,2024-05-01 22:10:00+00:00,29422.000000000004,29281.5,0.499709882758503,wind,58597,2024-05-02 04:30:00+00:00,59939.937642415374,4203.3,106.5,3709.1,29.4,5651.3,23523.7,21420.2,0.0,0.000501732170588938
2024-05-01 22:10:00+00:00,2024-05-01 22:15:00+00:00,29720.500000000004,29183.300000000003,0.49634839104701006,wind,58796,2024-05-02 04:30:00+00:00,59935.2626139323,4264.3,107.8,3710.9,101.8,5419.8,23655.7,21563.7,0.0,0.0017314103000204094
2024-05-01 22:15:00+00:00,2024-05-01 22:20:00+00:00,29935.2,29096.399999999998,0.4937870173949936,wind,58925,2024-05-02 04:30:00+00:00,59930.587585449226,4284.7,106.6,3709.7,120.4,5400.2,23589.6,21744.1,0.0,0.0020432753500212136
2024-05-01 22:20:00+00:00,2024-05-01 22:25:00+00:00,29952.700000000004,29112.5,0.4937837104379389,wind,58958,2024-05-02 04:30:00+00:00,59925.912556966156,4248.4,107.2,3709.6,23.6,5229.1,23776.2,21905.1,0.0,0.0004002849486074833
2024-05-01 22:25:00+00:00,2024-05-01 22:30:00+00:00,30010.6,28994.8,0.4922800047539007,wind,58899,2024-05-02 04:30:00+00:00,59921.23752848308,4277.0,106.4,3709.6,14.5,5273.9,23614.5,21954.7,0.0,0.0002461841457410143
2024-05-01 22:30:00+00:00,2024-05-01 22:35:00+00:00,29843.5,29276.699999999997,0.49609753617785607,wind,59014,2024-05-02 04:30:00+00:00,59916.56250000001,4188.0,106.2,3710.5,21.7,5314.9,23855.6,21863.4,0.0,0.0003677093571017047
2024-05-01 22:35:00+00:00,2024-05-01 22:40:00+00:00,29812.299999999996,29152.3,0.4953072701632771,wind,58857,2024-05-02 04:30:00+00:00,59830.37094116212,4145.3,107.6,3708.6,33.7,5103.4,23941.3,21871.6,0.0,0.0005725742052771973
2024-05-01 22:40:00+00:00,2024-05-01 22:45:00+00:00,30137.999999999996,28655.3,0.48828170262072723,wind,58686,2024-05-02 04:30:00+00:00,59744.179382324226,4234.5,107.3,3711.0,121.7,4881.2,23666.8,22012.1,0.0,0.0020737484238148793
2024-05-01 22:45:00+00:00,2024-05-01 22:50:00+00:00,30178.0,28620.399999999998,0.48765377406713234,wind,58690,2024-05-02 04:30:00+00:00,59657.987823486335,4265.0,108.4,3708.8,107.1,4638.9,23873.1,22021.4,0.0,0.001824842392230363
2024-05-01 22:50:00+00:00,2024-05-01 22:55:00+00:00,30722.2,28209.2,0.47976461784414437,wind,58798,2024-05-02 04:30:00+00:00,59571.796264648445,4321.6,133.4,3709.4,387.5,4357.8,23718.0,22172.0,0.0,0.006590360216333889
2024-05-01 22:55:00+00:00,2024-05-01 23:00:00+00:00,30864.2,27865.699999999997,0.47571060313775027,wind,58577,2024-05-02 04:30:00+00:00,59485.604705810554,4382.3,152.9,3709.7,272.8,3934.7,23778.1,22346.5,0.0,0.004657117981460301
2024-05-01 23:00:00+00:00,2024-05-01 23:05:00+00:00,30794.5,27703.9,0.47482089603400407,wind,58346,2024-05-02 04:30:00+00:00,59399.41314697266,4422.6,152.4,3709.5,53.0,3840.5,23711.0,22386.3,0.0,0.0009083741816062798
2024-05-01 23:05:00+00:00,2024-05-01 23:10:00+00:00,30941.499999999996,27562.3,0.47235351579236,wind,58351,2024-05-02 04:30:00+00:00,59313.22158813477,4486.3,152.8,3709.7,45.6,3478.7,23930.8,22493.7,0.0,0.0007814776096382238
2024-05-01 23:10:00+00:00,2024-05-01 23:15:00+00:00,31372.1,27031.2,0.4640549356223176,wind,58250,2024-05-02 04:30:00+00:00,59227.03002929688,4537.0,153.3,3709.1,180.5,3341.1,23536.8,22727.9,0.0,0.0030987124463519315
2024-05-01 23:15:00+00:00,2024-05-01 23:20:00+00:00,31293.200000000004,27131.3,0.46559754255903346,wind,58272,2024-05-02 04:30:00+00:00,59140.83847045899,4587.9,152.5,3712.2,45.9,3256.6,23722.2,22748.0,0.0,0.0007876853377265238
2024-05-01 23:20:00+00:00,2024-05-01 23:25:00+00:00,31354.2,27046.8,0.46433868974042025,wind,58248,2024-05-02 04:30:00+00:00,59054.6469116211,4687.4,153.0,3710.7,70.4,2994.8,23899.0,22670.6,0.0,0.0012086251888476858
2024-05-01 23:25:00+00:00,2024-05-01 23:30:00+00:00,31411.300000000003,26910.1,0.46261926455672264,wind,58169,2024-05-02 04:30:00+00:00,58968.45535278321,4820.0,152.4,3711.5,61.7,2880.1,23877.6,22610.9,0.0,0.0010607024360054325
2024-05-01 23:30:00+00:00,2024-05-01 23:35:00+00:00,31365.1,27000.2,0.46381736038341953,wind,58213,2024-05-02 04:30:00+00:00,58882.26379394532,4838.7,152.3,3710.0,32.9,2721.5,24126.4,22561.9,0.0,0.0005651658564238229
2024-05-01 23:35:00+00:00,2024-05-01 23:40:00+00:00,31213.0,27160.7,0.4665103656756153,wind,58221,2024-05-02 04:30:00+00:00,58716.810536702484,4927.3,152.7,3710.0,14.4,2604.5,24403.5,22349.6,0.0,0.00024733343638893185
2024-05-01 23:40:00+00:00,2024-05-01 23:45:00+00:00,31679.3,26433.5,0.45607239600407184,wind,57959,2024-05-02 04:30:00+00:00,58551.35727945964,5063.7,153.8,3709.4,117.6,2506.7,23773.0,22572.5,0.0,0.0020290205145016304
2024-05-01 23:45:00+00:00,2024-05-01 23:50:00+00:00,31724.3,26366.600000000002,0.4550751652600149,wind,57939,2024-05-02 04:30:00+00:00,58385.904022216804,5170.6,151.9,3709.3,15.7,2328.3,23886.4,22603.5,0.0,0.0002709746457481144
2024-05-01 23:50:00+00:00,2024-05-01 23:55:00+00:00,31554.5,26555.0,0.4581845161067688,wind,57957,2024-05-02 04:30:00+00:00,58220.45076497397,5267.0,152.5,3708.3,14.8,2094.0,24308.5,22347.9,0.0,0.00025536173369912176
2024-05-01 23:55:00+00:00,2024-05-02 00:00:00+00:00,31670.2,25987.3,0.4517016616839324,wind,57532,2024-05-02 04:30:00+00:00,58054.997507731125,5330.7,125.5,3708.8,39.4,1706.3,24155.5,22330.2,0.0,0.0006848362650351109
2024-05-02 00:00:00+00:00,2024-05-02 00:05:00+00:00,31612.4,25847.9,0.45081449700013954,wind,57336,2024-05-02 04:30:00+00:00,57889.54425048829,5322.7,124.3,3709.3,62.0,1635.1,24088.5,22177.2,0.0,0.0010813450537184317
2024-05-02 00:05:00+00:00,2024-05-02 00:10:00+00:00,31385.200000000004,26009.2,0.45415051510389387,wind,57270,2024-05-02 04:30:00+00:00,57724.09099324545,5289.4,124.4,3710.3,58.9,1566.1,24318.7,21976.5,0.0,0.0010284616727780688
2024-05-02 00:10:00+00:00,2024-05-02 00:15:00+00:00,31625.499999999996,25601.2,0.4483415642184162,wind,57102,2024-05-02 04:30:00+00:00,57558.63773600261,5309.2,124.7,3709.8,53.0,1439.2,24037.3,22202.9,0.0,0.0009281636370004553
2024-05-02 00:15:00+00:00,2024-05-02 00:20:00+00:00,31815.6,25305.6,0.44398905186328863,wind,56996,2024-05-02 04:30:00+00:00,57393.18447875977,5350.8,125.2,3709.2,166.9,1225.9,23954.5,22245.6,0.0,0.0029282756684679626
2024-05-02 00:20:00+00:00,2024-05-02 00:25:00+00:00,32015.399999999998,24932.9,0.438774109531184,wind,56824,2024-05-02 04:30:00+00:00,57227.73122151694,5303.2,124.3,3709.5,66.2,1105.2,23703.4,22581.2,0.0,0.001165000703927918
2024-05-02 00:25:00+00:00,2024-05-02 00:30:00+00:00,32032.8,24790.300000000003,0.4372341176055593,wind,56698,2024-05-02 04:30:00+00:00,57062.27796427409,5262.1,125.1,3710.1,84.1,1119.8,23545.4,22633.0,0.0,0.0014832974708102577
2024-05-02 00:30:00+00:00,2024-05-02 00:35:00+00:00,32156.2,24770.1,0.436085632295206,wind,56801,2024-05-02 04:30:00+00:00,56896.82470703126,5240.9,125.3,3710.0,196.8,1177.8,23467.0,22668.3,0.0,0.003464727733666661
2024-05-02 00:35:00+00:00,2024-05-02 00:40:00+00:00,32274.6,24780.5,0.43528016862813984,wind,56930,2024-05-02 04:30:00+00:00,56830.09771728516,5193.8,125.1,3709.4,132.6,1204.6,23450.8,22904.7,0.0,0.00232917618127525
2024-05-02 00:40:00+00:00,2024-05-02 00:45:00+00:00,32749.3,24322.4,0.42712090613750114,wind,56945,2024-05-02 04:30:00+00:00,56763.37072753907,5172.2,126.7,3709.8,571.3,1035.2,23160.5,22942.3,0.0,0.010032487487926947
2024-05-02 00:45:00+00:00,2024-05-02 00:50:00+00:00,32920.9,23972.5,0.42229640460126483,natural_gas,56767,2024-05-02 04:30:00+00:00,56696.643737792976,5148.0,126.4,3709.2,619.3,804.9,23041.2,23099.5,0.0,0.010909507284161572
2024-05-02 00:50:00+00:00,2024-05-02 00:55:00+00:00,33502.7,23359.899999999998,0.4117297659334461,natural_gas,56736,2024-05-02 04:30:00+00:00,56629.91674804688,5213.1,126.6,3710.3,657.2,573.0,22660.3,23530.0,0.0,0.011583474337281444
2024-05-02 00:55:00+00:00,2024-05-02 01:00:00+00:00,34233.8,22536.7,0.3977251870676267,natural_gas,56664,2024-05-02 04:30:00+00:00,56563.18975830079,5387.5,106.5,3710.9,691.3,436.7,21993.5,24119.1,0.0,0.012199985881688549
2024-05-02 01:00:00+00:00,2024-05-02 01:05:00+00:00,34852.2,21900.4,0.3866118241036595,natural_gas,56647,2024-05-02 04:30:00+00:00,56496.462768554695,5509.7,105.6,3712.3,719.7,330.8,21464.0,24601.6,0.0,0.012704997616819955
2024-05-02 01:05:00+00:00,2024-05-02 01:10:00+00:00,35165.4,21746.0,0.3828116748230821,natural_gas,56806,2024-05-02 04:30:00+00:00,56429.7357788086,5617.8,105.4,3709.6,562.2,243.6,21397.0,24972.5,0.0,0.009896841882899694
2024-05-02 01:10:00+00:00,2024-05-02 01:15:00+00:00,35364.399999999994,21541.899999999998,0.37925212584285484,natural_gas,56801,2024-05-02 04:30:00+00:00,56363.00878906251,5717.7,105.3,3708.8,507.5,172.8,21263.8,25141.6,0.0,0.008934701853840602
2024-05-02 01:15:00+00:00,2024-05-02 01:20:00+00:00,35356.9,21736.3,0.38141889520600825,natural_gas,56988,2024-05-02 04:30:00+00:00,56296.28179931641,5818.6,105.2,3710.3,230.5,108.4,21522.7,25286.1,0.0,0.004044711167263283
2024-05-02 01:20:00+00:00,2024-05-02 01:25:00+00:00,35295.799999999996,21808.399999999998,0.3826102212319514,natural_gas,56999,2024-05-02 04:30:00+00:00,56229.55480957032,5816.5,105.2,3709.4,163.5,61.9,21641.3,25304.1,0.0,0.002868471376690819
2024-05-02 01:25:00+00:00,2024-05-02 01:30:00+00:00,35161.1,21575.300000000003,0.38098038176970217,natural_gas,56631,2024-05-02 04:30:00+00:00,56162.827819824226,5791.1,105.4,3708.8,156.6,31.5,21438.4,25196.2,0.0,0.0027652699051756106
2024-05-02 01:30:00+00:00,2024-05-02 01:35:00+00:00,35093.700000000004,21455.3,0.3801233102421912,natural_gas,56443,2024-05-02 04:30:00+00:00,56096.10083007813,5672.4,106.0,3711.1,161.4,15.2,21334.1,25236.9,0.0,0.0028595219956416206
2024-05-02 01:35:00+00:00,2024-05-02 01:40:00+00:00,35155.8,21424.8,0.37936786188579014,natural_gas,56475,2024-05-02 04:30:00+00:00,56066.069437662765,5670.6,105.6,3710.7,196.6,1.7,21317.5,25262.7,0.0,0.003481186365648517
2024-05-02 01:40:00+00:00,2024-05-02 01:45:00+00:00,35263.6,21263.699999999997,0.37686895182730135,natural_gas,56422,2024-05-02 04:30:00+00:00,56036.038045247406,5824.3,105.3,3708.7,188.0,0.3,21158.1,25241.7,0.0,0.003332033603913367
2024-05-02 01:45:00+00:00,2024-05-02 01:50:00+00:00,35201.5,21137.8,0.37589003094213463,natural_gas,56234,2024-05-02 04:30:00+00:00,56006.00665283204,5927.9,105.3,3710.8,67.4,0.3,21032.2,25193.1,0.0,0.0011985631468506598
2024-05-02 01:50:00+00:00,2024-05-02 01:55:00+00:00,35080.9,21234.5,0.3777708592777086,natural_gas,56210,2024-05-02 04:30:00+00:00,55975.97526041667,5888.1,105.4,3708.9,58.9,0.2,21128.9,25118.8,0.0,0.0010478562533357053
2024-05-02 01:55:00+00:00,2024-05-02 02:00:00+00:00,34870.2,21246.4,0.3791088985243474,natural_gas,56043,2024-05-02 04:30:00+00:00,55945.94386800131,5761.3,73.6,3708.3,70.9,0.3,21172.5,25070.5,0.0,0.0012651000124904092
2024-05-02 02:00:00+00:00,2024-05-02 02:05:00+00:00,34640.399999999994,21396.0,0.3822352436758611,natural_gas,55976,2024-05-02 04:30:00+00:00,55915.912475585945,5630.7,60.4,3709.8,258.8,0.3,21335.3,24802.1,0.0,0.004623410032871231
2024-05-02 02:05:00+00:00,2024-05-02 02:10:00+00:00,34533.0,21224.3,0.3810740448147084,natural_gas,55696,2024-05-02 04:30:00+00:00,55885.88108317058,5461.9,61.3,3712.4,374.5,0.2,21162.8,24758.6,0.0,0.006724001723642631
2024-05-02 02:10:00+00:00,2024-05-02 02:15:00+00:00,34547.700000000004,21137.199999999997,0.38000143822810295,natural_gas,55624,2024-05-02 04:30:00+00:00,55855.84969075522,5503.1,60.9,3709.6,312.6,0.2,21076.1,24780.5,0.0,0.005619876312383145
2024-05-02 02:15:00+00:00,2024-05-02 02:20:00+00:00,34537.1,20909.5,0.37752320080886864,natural_gas,55386,2024-05-02 04:30:00+00:00,55825.81829833985,5526.7,60.6,3711.2,340.0,0.3,20848.6,24749.2,0.0,0.006138735420503376
2024-05-02 02:20:00+00:00,2024-05-02 02:25:00+00:00,34643.5,20602.0,0.37332608498686237,natural_gas,55185,2024-05-02 04:30:00+00:00,55795.786905924484,5633.2,60.5,3712.4,226.8,0.3,20541.2,24849.8,0.0,0.004109812449035064
2024-05-02 02:25:00+00:00,2024-05-02 02:30:00+00:00,35060.2,20030.2,0.3639935306838213,natural_gas,55029,2024-05-02 04:30:00+00:00,55765.755513509124,5855.0,61.4,3712.8,368.2,0.5,19968.3,24890.6,0.0,0.006691017463519235
2024-05-02 02:30:00+00:00,2024-05-02 02:35:00+00:00,35246.1,19735.9,0.3593507037380966,natural_gas,54921,2024-05-02 04:30:00+00:00,55735.72412109376,5937.6,61.0,3711.7,379.1,0.4,19674.5,24990.5,0.0,0.006902641976657381
2024-05-02 02:35:00+00:00,2024-05-02 02:40:00+00:00,35281.9,19636.5,0.35795143825877723,natural_gas,54858,2024-05-02 04:30:00+00:00,55524.749766031906,5982.2,60.4,3714.1,359.6,0.4,19575.7,25010.1,0.0,0.006555105909803493
2024-05-02 02:40:00+00:00,2024-05-02 02:45:00+00:00,35554.899999999994,19084.3,0.3496701967825864,natural_gas,54578,2024-05-02 04:30:00+00:00,55313.77541097006,6088.0,61.2,3715.9,397.1,0.3,19022.8,25128.9,0.0,0.007275825424163582
2024-05-02 02:45:00+00:00,2024-05-02 02:50:00+00:00,35650.4,18864.7,0.34643368714878614,natural_gas,54454,2024-05-02 04:30:00+00:00,55102.80105590821,6149.1,61.1,3714.1,476.7,0.4,18803.2,25099.5,0.0,0.00875417783817534
2024-05-02 02:50:00+00:00,2024-05-02 02:55:00+00:00,35569.399999999994,18662.1,0.34450351664174556,natural_gas,54171,2024-05-02 04:30:00+00:00,54891.82670084636,6175.7,60.5,3715.9,385.2,0.3,18601.3,25065.2,0.0,0.007110815750124605
2024-05-02 02:55:00+00:00,2024-05-02 03:00:00+00:00,35484.0,18580.5,0.3440578475668469,natural_gas,54004,2024-05-02 04:30:00+00:00,54680.85234578451,6155.3,60.5,3715.6,203.1,0.4,18519.6,25192.8,0.0,0.0037608325309236353
2024-05-02 03:00:00+00:00,2024-05-02 03:05:00+00:00,35468.299999999996,18348.9,0.34133678101049186,natural_gas,53756,2024-05-02 04:30:00+00:00,54469.877990722656,6202.0,61.2,3716.7,224.8,0.3,18287.4,25098.7,0.0,0.004181858769253665
2024-05-02 03:05:00+00:00,2024-05-02 03:10:00+00:00,35389.0,18001.6,0.33755109694355895,natural_gas,53330,2024-05-02 04:30:00+00:00,54258.90363566081,6217.1,60.6,3717.1,263.6,0.5,17940.5,24936.6,0.0,0.004942808925557848
2024-05-02 03:10:00+00:00,2024-05-02 03:15:00+00:00,35086.5,18006.5,0.33954027756826066,natural_gas,53032,2024-05-02 04:30:00+00:00,54047.92928059896,6228.5,61.0,3715.4,183.5,0.4,17945.1,24741.7,0.0,0.0034601749886860765
2024-05-02 03:15:00+00:00,2024-05-02 03:20:00+00:00,34943.1,17933.3,0.33954937044400263,natural_gas,52815,2024-05-02 04:30:00+00:00,53836.95492553711,6277.0,61.4,3717.8,297.5,0.4,17871.5,24458.2,0.0,0.005632869449966865
2024-05-02 03:20:00+00:00,2024-05-02 03:25:00+00:00,34859.4,17689.100000000002,0.33701226947111723,natural_gas,52488,2024-05-02 04:30:00+00:00,53625.980570475265,6286.8,60.5,3714.5,210.8,0.4,17628.2,24404.6,0.0,0.004016156073769242
2024-05-02 03:25:00+00:00,2024-05-02 03:30:00+00:00,34440.6,17780.0,0.34087423312883436,natural_gas,52160,2024-05-02 04:30:00+00:00,53415.006215413414,6237.3,60.6,3716.4,153.9,0.6,17718.8,24117.4,0.0,0.002950536809815951
2024-05-02 03:30:00+00:00,2024-05-02 03:35:00+00:00,34068.0,18083.0,0.3471491649068919,natural_gas,52090,2024-05-02 04:30:00+00:00,53204.03186035156,6205.1,61.0,3716.3,8.1,0.5,18021.5,23915.0,0.0,0.00015550009598771356
2024-05-02 03:35:00+00:00,2024-05-02 03:40:00+00:00,33876.1,18016.2,0.3475950685882966,natural_gas,51831,2024-05-02 04:30:00+00:00,52929.0547281901,5989.9,61.3,3716.3,48.7,0.4,17954.5,23902.4,0.0,0.0009395921359803979
2024-05-02 03:40:00+00:00,2024-05-02 03:45:00+00:00,33580.799999999996,18043.7,0.3499282445116748,natural_gas,51564,2024-05-02 04:30:00+00:00,52654.07759602865,5851.6,60.5,3716.7,8.2,0.4,17982.8,23797.2,0.0,0.00015902567682879527
2024-05-02 03:45:00+00:00,2024-05-02 03:50:00+00:00,33315.6,18083.0,0.3522342124741907,natural_gas,51338,2024-05-02 04:30:00+00:00,52379.10046386719,5661.7,60.6,3716.2,3.0,0.5,18021.9,23723.5,0.0,5.843624605555339e-05
2024-05-02 03:50:00+00:00,2024-05-02 03:55:00+00:00,32972.1,17938.7,0.35277679449360866,natural_gas,50850,2024-05-02 04:30:00+00:00,52104.12333170573,5498.7,60.8,3718.8,16.4,0.5,17877.4,23513.8,0.0,0.00032251720747295963
2024-05-02 03:55:00+00:00,2024-05-02 04:00:00+00:00,32824.4,17834.899999999998,0.3524823115538163,natural_gas,50598,2024-05-02 04:30:00+00:00,51829.14619954427,5360.9,61.3,3717.4,75.5,0.5,17773.1,23459.2,0.0,0.00149215384007273
2024-05-02 04:00:00+00:00,2024-05-02 04:05:00+00:00,32726.1,17746.5,0.35202927874315637,natural_gas,50412,2024-05-02 04:30:00+00:00,51554.16906738281,5246.6,60.6,3716.4,105.4,0.4,17685.5,23454.8,0.0,0.002090772038403555
2024-05-02 04:05:00+00:00,2024-05-02 04:10:00+00:00,32273.6,17808.0,0.3560104756002479,natural_gas,50021,2024-05-02 04:30:00+00:00,51279.19193522135,5066.3,60.6,3716.9,99.0,0.4,17747.0,23175.7,0.0,0.0019791687491253675
2024-05-02 04:10:00+00:00,2024-05-02 04:15:00+00:00,31767.199999999997,18190.4,0.36455899152253646,natural_gas,49897,2024-05-02 04:30:00+00:00,51004.2148030599,4895.8,60.6,3718.2,53.0,0.4,18129.4,22879.8,0.0,0.001062188107501453
2024-05-02 04:15:00+00:00,2024-05-02 04:20:00+00:00,31373.3,18503.6,0.37143889513409345,natural_gas,49816,2024-05-02 04:30:00+00:00,50729.23767089844,4771.6,60.9,3716.7,48.8,0.4,18442.3,22604.0,0.0,0.0009796049462020234
2024-05-02 04:20:00+00:00,2024-05-02 04:25:00+00:00,30856.6,18672.3,0.3774621977844263,natural_gas,49468,2024-05-02 04:30:00+00:00,50454.26053873698,4660.2,60.9,3718.3,53.3,0.4,18611.0,22220.3,0.0,0.0010774642192932803
2024-05-02 04:25:00+00:00,2024-05-02 04:30:00+00:00,30560.300000000003,18593.199999999997,0.37874195388250625,natural_gas,49092,2024-05-02 04:30:00+00:00,50179.28340657552,4520.9,61.5,3717.6,47.3,1.1,18530.6,22059.8,0.0,0.0009634971074716857
2024-05-02 04:30:00+00:00,2024-05-02 04:35:00+00:00,30300.3,18662.300000000003,0.38162651834280814,natural_gas,48902,2024-05-02 04:30:00+00:00,49904.30627441406,4426.7,60.6,3717.9,36.2,0.3,18601.4,21893.0,0.0,0.0007402560222485789
2024-05-02 04:35:00+00:00,2024-05-02 04:40:00+00:00,30032.4,18738.399999999998,0.3846930815027715,natural_gas,48710,2024-05-02 04:30:00+00:00,49633.86905924479,4365.2,60.8,3717.0,7.5,0.5,18677.1,21741.4,0.0,0.00015397249024840895
2024-05-02 04:40:00+00:00,2024-05-02 04:45:00+00:00,29693.399999999998,18800.4,0.38817335287923527,natural_gas,48433,2024-05-02 04:30:00+00:00,49363.43184407552,4259.5,60.8,3719.0,27.7,0.4,18739.2,21471.9,0.0,0.000571924101335866
2024-05-02 04:45:00+00:00,2024-05-02 04:50:00+00:00,29209.699999999997,18951.0,0.393991683991684,natural_gas,48100,2024-05-02 04:30:00+00:00,49092.99462890625,4153.6,60.7,3717.9,27.3,0.4,18889.9,21081.0,0.0,0.0005675675675675675
2024-05-02 04:50:00+00:00,2024-05-02 04:55:00+00:00,28862.3,19105.9,0.39881228212996017,natural_gas,47907,2024-05-02 04:30:00+00:00,48822.55741373698,4072.6,61.2,3719.7,60.5,0.5,19044.2,20795.6,0.0,0.001262863464629386
2024-05-02 04:55:00+00:00,2024-05-02 05:00:00+00:00,28687.1,18887.2,0.3975164691768569,natural_gas,47513,2024-05-02 04:30:00+00:00,48552.12019856771,4023.2,61.3,3716.9,86.5,0.5,18825.4,20651.7,0.0,0.0018205543745922169
